--
-- MySQL 5.1.69
-- Wed, 19 Jun 2013 11:51:22 +0000
--

CREATE TABLE `agenda_action` (
   `id` int(11) not null default '0',
   `action_text` text not null,
   PRIMARY KEY (`id`),
   UNIQUE KEY (`id`),
   KEY `action_text` (`action_text`)
) ENGINE=MyISAM DEFAULT CHARSET=latin1;

INSERT INTO `agenda_action` (`id`, `action_text`) VALUES 
('9', 'C\'est le gouter'),
('10', 'anniversaire'),
('12', 'Test Unilog à Lyon.\r\nFin à 12H00'),
('14', 'Test Unilog à Lyon. Fin à 12H00'),
('15', 'Remise des diplôme à l\'école.'),
('16', 'Gala à l\'école.'),
('19', 'Rémi est motivé pour grimper à partir de cette date.'),
('27', 'Retour clermont'),
('28', 'Retour Valence'),
('29', 'S\'occuper cantine'),
('31', 'Je sais plus trop mais ça va me revenir...'),
('32', 'Pas top. A décaler voire annuler');

CREATE TABLE `agenda_contact` (
   `id` int(11) not null auto_increment,
   `soc` text,
   `nom` text not null,
   `prenom` text,
   `tel` int(11),
   `port` int(11),
   `mail` text,
   `adresse` text,
   UNIQUE KEY (`id`)
) ENGINE=MyISAM DEFAULT CHARSET=latin1 AUTO_INCREMENT=44;

INSERT INTO `agenda_contact` (`id`, `soc`, `nom`, `prenom`, `tel`, `port`, `mail`, `adresse`) VALUES 
('1', '', 'Gravil', 'Mathieu', '0', '0', 'mathieu.gravil@ensta.org', ''),
('2', '', 'Renaudin', 'Albane', '475431745', '625410147', 'albane_r@yahoo.fr', 'résidence les chardonerets\r\n3 avenue Marius Moutet\r\n26000 Valence'),
('3', 'Total', 'Decroux', 'Paul', '0', '0', 'paul.decroux@total.com', ''),
('4', 'Total', 'Cormier', 'François', '141352492', '0', 'francois.cormier@total.com', ''),
('5', 'Total', 'Bouveret', 'Christian', '141352934', '141353440', 'christian.bouveret@total.com', ''),
('6', 'Total', 'Filliette', 'Marie-Isabelle', '147445538', '0', 'marie-isabelle.filliette@total.com', '2, place de la coupole\r\nLa Défense 6\r\n92078 Paris La Défense Cedex'),
('12', 'So@', 'Azria', 'Michel', '156294946', '677740346', 'michel.azria@so-at.com', '5, place des Marseillais 94220 Charenton-le-Pont'),
('8', 'Gist', 'Gude', 'Laurent', '146086700', '0', 'laurent.gude@gist.fr', '40, avenue André Morizet 92513 Boulogne Billancourt Cedex'),
('10', 'So@', 'Levy', 'David-Eric', '156294945', '673472992', 'david-eric.levy@so-at.com', '5, place des Marseillais 94220 Charenton-le-Pont'),
('11', 'SII (Vélizy)', 'du Chaxel', 'Sophie', '140949595', '146018133', 'sduchaxel@sii.fr', '17-19 rue Jeanne Braconnier 92366 Meudon-La-Forêt Cedex'),
('13', 'Apside technologies', 'Caux', 'Christophe', '141100164', '0', 'caux@apside.fr', '58, avenue du Général Leclerc 92514 Boulogne Cedex'),
('14', 'SII (sophia)', 'Royer', 'Emmanuel', '142848222', '620553474', 'eroyer@sii.fr', '83, boulevard du Montparnasse 75006 Paris'),
('15', 'SII (Paris ouest)', 'Merlo', 'Nadia', '130257741', '130257757', 'nmerlo@sii.fr', '1, rue de la Gare 95117 Sannois Cedex'),
('16', 'Eurogiciel', 'Basset', 'Laurent', '492913636', '621047121', 'laurent.basset@eurogiciel.fr', 'Le Chorus-Nova Antipolis 2203, chemin de Saint-Claude 06600 Antibes'),
('17', 'Dassault Systèmes', 'Delon Galamel', 'Laurence', '140994942', '0', '', ''),
('18', 'Qwam systèmes', 'Rougeot', 'Dominique', '0', '620620315', '', ''),
('19', 'Gist', 'Hébert', 'Fabrice', '0', '619975000', '', ''),
('20', 'Unilog (Lyon)', 'Gasdon', 'Sylvie', '0', '0', 'sylvie.gasdon@ unilog.fr', ''),
('21', 'Unilog (Lyon)', 'Clamer', 'Karine', '0', '0', 'karine.clamer@unilog.fr', ''),
('22', 'silicomp', 'Bauvois', 'Stephanie ', '497157036', '0', 'sbauvo@silicomp.fr', ''),
('23', 'Unilog (grenoble)', 'Legras', 'Nicolas', '476204612', '0', 'nicolas.legras@unilog.fr', '5 RUE DE L OCTANT\r\n38130 ECHIROLLES'),
('24', 'Total', 'Welby', 'David', '0', '0', 'david.welby@total.com', '2, place de la coupole La Défense 6 92078 Paris La Défense Cedex'),
('25', 'Total', 'Lembeye', 'Christiane', '0', '0', '', '2, place de la coupole La Défense 6 92078 Paris La Défense Cedex'),
('26', 'Total', 'Wergens', 'Charles', '0', '0', '', '2, place de la coupole La Défense 6 92078 Paris La Défense Cedex'),
('27', '', 'Gravil', 'Agnès', '0', '0', 'agnes.gravil@voila.fr', 'Hoerschelmann strasse 6 81477 Münschen ALLEMAGNE'),
('28', 'Astek', 'Giude', 'Emmanuelle', '492385516', '672872540', 'egiuge@astek.fr', ''),
('29', 'C.M.E.T.E.', 'Bertevas', '', '153458660', '0', '', '10 rue du colonel Driant 75001 Paris'),
('30', 'Transatlantique', 'Laviale', 'Dominique', '0', '0', '', '26 avenue Franklin Roosevelt 75008 Paris'),
('31', 'Transatlantique', 'de Monthier', 'Bertrand', '156887249', '0', '', '26 avenue Franklin Roosevelt 75008 Paris'),
('32', 'CAF ', 'Valence', '', '0', '670515174', '', 'Maison de Société Bureau 305 Rue St Jean 26000 Valence'),
('33', 'Total', 'Hubert', 'Estelle', '147446238', '0', 'estelle.hubert@total.com', ''),
('34', 'Ambassade du Congo en France', 'Okami', 'Hubert', '147683106', '679462989', '', '37 bis rue Paul Valéry 75116 Paris'),
('35', 'TOTAL E&P', 'Bleys', 'Bertrand', '0', '620533367', 'bertrand.bleys@total.com', ''),
('43', '', 'Vairet', 'Daniel', '0', '675559624', 'daniel.vairet@edf.fr', ''),
('37', 'Adelante', 'Belin', 'Audrey', '140262231', '664473522', 'audrey.belin@adelante.fr', '93, rue Magenta\r\n92600 Asnières'),
('38', 'Cirpa', 'Megrette', 'Claude', '473312665', '0', 'cirpa.megrette@wanadoo.fr', 'fax 0473375993\r\n\r\n82 av Royat\r\n63400 Chamalière'),
('39', '', 'GRAVIL', 'Roger', '466470356', '0', 'roger_gravil@tele2.fr', ''),
('40', 'Amadeus', 'Lasserre', 'Benedicte', '497153984', '0', 'blasserre@amadeus.com', 'AMADEUS s.a.s Recruitment\r\nSophia Antipolis'),
('41', '', 'Vidal', 'Rémi', '478542611', '623137432', 'remi.vidal@edf.fr', ''),
('42', '', 'Toutant', 'Adrien', '0', '689053183', 'toutphi@yahoo.fr', '');

CREATE TABLE `agenda_glue` (
   `id` int(11) not null auto_increment,
   `date` date not null default '0000-00-00',
   `heure` time not null default '00:00:00',
   `type` int(11) not null default '0',
   PRIMARY KEY (`id`)
) ENGINE=MyISAM DEFAULT CHARSET=latin1 AUTO_INCREMENT=33;

INSERT INTO `agenda_glue` (`id`, `date`, `heure`, `type`) VALUES 
('18', '2004-10-07', '16:00:00', '0'),
('19', '2004-10-27', '08:00:00', '1'),
('16', '2004-10-16', '21:00:00', '1'),
('14', '2004-10-20', '09:00:00', '1'),
('17', '2004-10-07', '15:00:00', '0'),
('15', '2004-10-15', '16:00:00', '1'),
('11', '2004-10-19', '15:30:00', '0'),
('20', '2004-10-22', '11:00:00', '0'),
('21', '2004-11-03', '09:30:00', '0'),
('22', '2004-10-29', '14:30:00', '0'),
('23', '2004-10-29', '15:30:00', '0'),
('24', '2004-10-29', '16:30:00', '0'),
('25', '2004-11-25', '13:00:00', '0'),
('26', '2004-12-14', '14:00:00', '0'),
('27', '2004-12-06', '08:00:00', '1'),
('28', '2004-12-10', '08:00:00', '1'),
('29', '2004-12-07', '09:00:00', '1'),
('30', '2007-04-14', '14:00:00', '0'),
('32', '2007-04-14', '10:15:00', '1');

CREATE TABLE `agenda_rdv` (
   `id` int(11) not null default '0',
   `contact_id` int(11) not null default '0',
   PRIMARY KEY (`id`),
   UNIQUE KEY (`id`,`contact_id`)
) ENGINE=MyISAM DEFAULT CHARSET=latin1;

INSERT INTO `agenda_rdv` (`id`, `contact_id`) VALUES 
('2', '12'),
('3', '12'),
('4', '12'),
('6', '12'),
('8', '12'),
('11', '19'),
('13', '12'),
('17', '3'),
('18', '5'),
('20', '21'),
('21', '23'),
('22', '24'),
('23', '25'),
('24', '26'),
('25', '29'),
('26', '30'),
('30', '2');

CREATE TABLE `album` (
   `album_id` int(5) not null auto_increment,
   `serie_id` int(5) default '0',
   `place` int(11),
   `nom` text not null,
   `maison_id` int(5) default '0',
   `url` text not null,
   UNIQUE KEY (`album_id`)
) ENGINE=MyISAM DEFAULT CHARSET=latin1 AUTO_INCREMENT=455;

INSERT INTO `album` (`album_id`, `serie_id`, `place`, `nom`, `maison_id`, `url`) VALUES 
('449', '1', '1', 'I', '1', 'http://www.bedetheque.com/serie-264-BD-Rapaces.html'),
('452', '1', '4', 'IV', '1', 'http://www.bedetheque.com/serie-264-BD-Rapaces.html'),
('451', '1', '3', 'III', '1', 'http://www.bedetheque.com/serie-264-BD-Rapaces.html'),
('450', '1', '2', 'II', '1', 'http://www.bedetheque.com/serie-264-BD-Rapaces.html'),
('453', '2', '1', 'L affaire du nalta p312', '2', 'http://www.bedetheque.com/serie-3291-BD-Arcanes-du-Midi-Minuit-(Les).html'),
('454', '2', '2', 'l affaire de la ligne II', '2', 'http://www.bedetheque.com/serie-3291-BD-Arcanes-du-Midi-Minuit-(Les).html'),
('7', '3', '1', 'la caste des ténèbres', '2', 'http://www.bedetheque.com/serie-613-BD-Garous.html'),
('8', '3', '2', 'Alissia', '2', 'http://www.bedetheque.com/serie-613-BD-Garous.html'),
('9', '3', '3', 'le cloître des damnées', '2', 'http://www.bedetheque.com/serie-613-BD-Garous.html'),
('10', '3', '4', 'Altis', '2', 'http://www.bedetheque.com/serie-613-BD-Garous.html'),
('11', '4', '4', 'IV Jean ou le jour du corbeau', '3', 'http://www.bedetheque.com/serie-23-BD-Troisieme-testament-(Le).html'),
('12', '4', '3', 'III Luc ou le souffle du taureau', '3', 'http://www.bedetheque.com/serie-23-BD-Troisieme-testament-(Le).html'),
('13', '4', '2', 'II Matthieu ou le visage de l ange', '3', 'http://www.bedetheque.com/serie-23-BD-Troisieme-testament-(Le).html'),
('14', '4', '1', 'I Marc', '3', 'http://www.bedetheque.com/serie-23-BD-Troisieme-testament-(Le).html'),
('15', '5', '1', 'un, deux, troy ...', '2', 'http://www.bedetheque.com/serie-1757-BD-Lanfeust-des-Etoiles.html'),
('16', '6', '1', 'La chair et le soufre', '2', 'http://www.bedetheque.com/serie-256-BD-Mortepierre.html'),
('17', '6', '2', 'Les guerriers de rouille', '2', 'http://www.bedetheque.com/serie-256-BD-Mortepierre.html'),
('18', '6', '3', 'La mangeuse de lune', '2', 'http://www.bedetheque.com/serie-256-BD-Mortepierre.html'),
('19', '7', '1', 'Le masque', '2', 'http://www.bedetheque.com/serie-236-BD-Marlysa.html'),
('20', '7', '2', 'L ombre de Dompour', '2', 'http://www.bedetheque.com/serie-236-BD-Marlysa.html'),
('21', '7', '3', 'L autre côté', '2', 'http://www.bedetheque.com/serie-236-BD-Marlysa.html'),
('22', '7', '4', 'Bragal', '2', 'http://www.bedetheque.com/serie-236-BD-Marlysa.html'),
('23', '8', '1', 'Le trésor de la madre de dios', '2', ''),
('24', '8', '2', 'A l ouest d eden', '2', ''),
('25', '8', '3', 'A malin, malin et demi', '2', ''),
('26', '10', '1', 'Sang Noir', '2', ''),
('27', '10', '2', 'Zéphyr', '4', ''),
('28', '11', '1', 'Level Eleven', '2', 'http://www.bedetheque.com/serie-52-BD-Nemesis.html'),
('29', '11', '2', 'Babalon working', '2', 'http://www.bedetheque.com/serie-52-BD-Nemesis.html'),
('30', '11', '3', 'Critical Mass', '2', 'http://www.bedetheque.com/serie-52-BD-Nemesis.html'),
('31', '11', '4', 'Nanotech', '2', 'http://www.bedetheque.com/serie-52-BD-Nemesis.html'),
('32', '11', '5', 'Terminal Crash', '2', 'http://www.bedetheque.com/serie-52-BD-Nemesis.html'),
('33', '12', '3', 'Justine des dieux', '5', 'http://www.bedetheque.com/serie-1261-BD-Vauriens.html'),
('34', '12', '2', 'Dame brèche-dent', '5', 'http://www.bedetheque.com/serie-1261-BD-Vauriens.html'),
('35', '12', '1', 'Pop bras d argile', '5', 'http://www.bedetheque.com/serie-1261-BD-Vauriens.html'),
('36', '13', '1', 'Hurucan', '6', 'http://www.bedetheque.com/serie-75-BD-Travis.html'),
('37', '13', '2', 'Opération minautore', '6', 'http://www.bedetheque.com/serie-75-BD-Travis.html'),
('38', '13', '3', 'Agent du chaos', '6', 'http://www.bedetheque.com/serie-75-BD-Travis.html'),
('39', '13', '4', 'Protocole Oslo', '6', 'http://www.bedetheque.com/serie-75-BD-Travis.html'),
('40', '13', '5', 'Cybernation', '6', 'http://www.bedetheque.com/serie-75-BD-Travis.html'),
('41', '14', '1', 'Sueurs froides', '6', ''),
('42', '14', '2', 'Syndrome Z', '6', ''),
('43', '15', '5', '%v(p', '6', 'http://www.bedetheque.com/serie-18-BD-Sillage.html'),
('44', '15', '3', 'Engrenages', '6', 'http://www.bedetheque.com/serie-18-BD-Sillage.html'),
('45', '15', '2', 'Collection privée', '6', 'http://www.bedetheque.com/serie-18-BD-Sillage.html'),
('46', '15', '1', 'A feu et a cendre', '6', 'http://www.bedetheque.com/serie-18-BD-Sillage.html'),
('47', '16', '1', 'Pandora', '6', 'http://www.bedetheque.com/serie-5709-BD-Arcane-majeur.html'),
('48', '18', '2', 'La dame de Prague', '6', 'http://www.bedetheque.com/serie-259-BD-Arcanes.html'),
('49', '18', '1', 'Le baron fantôme', '6', 'http://www.bedetheque.com/serie-259-BD-Arcanes.html'),
('50', '19', '2', 'Bénavidès', '7', 'http://www.bedetheque.com/serie-486-BD-7-secondes.html'),
('51', '19', '1', 'Venise', '7', 'http://www.bedetheque.com/serie-486-BD-7-secondes.html'),
('52', '20', '1', 'Igor, mon frère', '8', 'http://www.bedetheque.com/serie-465-BD-Vlad.html'),
('53', '20', '2', 'Le maître de Novijanka', '8', 'http://www.bedetheque.com/serie-465-BD-Vlad.html'),
('54', '20', '3', 'Zone Rouge', '8', 'http://www.bedetheque.com/serie-465-BD-Vlad.html'),
('55', '20', '4', 'Dernière issue', '8', 'http://www.bedetheque.com/serie-465-BD-Vlad.html'),
('56', '21', '1', 'Ombres', '9', 'http://www.bedetheque.com/serie-49-BD-Chant-des-Stryges-(Le).html'),
('57', '21', '2', 'Pièges', '9', 'http://www.bedetheque.com/serie-49-BD-Chant-des-Stryges-(Le).html'),
('58', '21', '3', 'Emprises', '9', 'http://www.bedetheque.com/serie-49-BD-Chant-des-Stryges-(Le).html'),
('59', '21', '4', 'Expériences', '9', 'http://www.bedetheque.com/serie-49-BD-Chant-des-Stryges-(Le).html'),
('60', '21', '5', 'Vestiges', '9', 'http://www.bedetheque.com/serie-49-BD-Chant-des-Stryges-(Le).html'),
('61', '21', '6', 'Existences', '9', 'http://www.bedetheque.com/serie-49-BD-Chant-des-Stryges-(Le).html'),
('62', '22', '1', 'Lune Rouge', '10', ''),
('63', '22', '2', 'La traque', '10', ''),
('64', '22', '3', 'Passé recomposé', '10', ''),
('65', '22', '4', 'Entre les mondes', '10', ''),
('66', '23', '2', 'Arctic-Nation', '1', ''),
('67', '24', '4', 'Halkattraz, l étoile des bourreaux', '11', 'http://www.bedetheque.com/serie-65-BD-Technoperes.html'),
('68', '25', '1', 'Orphée', '12', 'http://www.bedetheque.com/serie-4515-BD-Amnesia.html'),
('69', '25', '2', 'Eurydice', '12', 'http://www.bedetheque.com/serie-4515-BD-Amnesia.html'),
('70', '26', '1', 'Chimérie', '13', ''),
('71', '27', '1', 'La tour du savoir', '9', 'http://www.bedetheque.com/serie-229-BD-Memoire-de-sable.html'),
('72', '27', '2', 'Cité Morganne', '9', 'http://www.bedetheque.com/serie-229-BD-Memoire-de-sable.html'),
('73', '27', '3', 'Lune Noire', '9', 'http://www.bedetheque.com/serie-229-BD-Memoire-de-sable.html'),
('74', '28', '1', 'Le sommeil du monstre', '11', ''),
('75', '28', '2', '32 Décembre', '11', ''),
('76', '29', '1', 'Othon le trisaïeul', '11', ''),
('77', '29', '2', 'Honorata la trisaïeule', '11', ''),
('78', '29', '7', 'Aghora le père-mère', '11', ''),
('79', '30', '11', 'quelques vérités sur le mensonge', '10', ''),
('80', '31', '1', 'Papillon de nuit', '11', ''),
('81', '31', '2', 'Monsieur Lune', '11', ''),
('82', '32', '1', 'USS Nebraska', '11', ''),
('83', '33', '1', 'Les taxis rouges', '14', ''),
('84', '34', '0', 'Chouannerie', '16', ''),
('85', '35', '1', 'Une étrange disparition', '17', ''),
('86', '35', '2', 'La face cachée', '17', 'http://www.bedetheque.com/album-1234-BD-La-face-cachee.html'),
('87', '35', '3', 'Le fugitif', '17', ''),
('88', '35', '4', 'Le Chasseur', '17', ''),
('89', '35', '5', 'Enquêtes parallèles', '17', ''),
('90', '36', '3', 'L incarnation de Seth', '17', ''),
('91', '37', '4', 'Le pays d Aslor ', '1', ''),
('92', '38', '4', '4', '18', ''),
('93', '39', '26', 'Le bout de la piste', '19', ''),
('94', '40', '11', 'La piste des maudits', '1', ''),
('95', '41', '1', 'Chants de guerre', '20', ''),
('96', '42', '2', 'T.L.D.', '21', ''),
('97', '43', '10', 'Le mystère de la grande pyramide (tome 1)', '22', ''),
('98', '43', '11', 'Le mystère de la grande pyramide (tome 2)', '22', ''),
('99', '44', '6', 'La trahison de Steve Warson', '23', ''),
('100', '44', '55', 'Histoire de fous', '24', ''),
('101', '45', '1', 'Les aventures de Tintin reporter du petit vingtième au pays des Soviets ', '25', 'http://www.bedetheque.com/serie-8372-BD-Tintin.html'),
('102', '45', '5', 'L oreille cassée', '26', 'http://www.bedetheque.com/serie-8372-BD-Tintin.html'),
('103', '45', '2', 'Tintin au Congo', '25', 'http://www.bedetheque.com/serie-8372-BD-Tintin.html'),
('447', '45', '7', 'l île noire', '25', 'http://www.bedetheque.com/serie-8372-BD-Tintin.html'),
('105', '45', '13', 'Le Temple du soleil', '25', 'http://www.bedetheque.com/serie-8372-BD-Tintin.html'),
('106', '45', '18', 'Coke en stock', '26', 'http://www.bedetheque.com/serie-8372-BD-Tintin.html'),
('107', '47', '14', 'Le fil qui chante', '1', ''),
('108', '47', '16', 'Le magot des Dalton', '1', ''),
('109', '46', '22', 'Les Daltons dans le blizzard', '14', ''),
('110', '48', '23', 'Faut rigoler', '1', ''),
('111', '49', '6', 'Des Gaffes et des dégâts', '14', ''),
('112', '49', '13', 'Lagaffe mérite des baffes', '14', ''),
('113', '50', '4', 'C est pour ton bien', '28', 'http://www.bedetheque.com/serie-192-BD-Petit-Spirou-(Le).html'),
('114', '50', '6', 'N oublie pas ta capuche', '14', 'http://www.bedetheque.com/serie-192-BD-Petit-Spirou-(Le).html'),
('115', '50', '2', 'Tu veux mon doigt?', '14', 'http://www.bedetheque.com/serie-192-BD-Petit-Spirou-(Le).html'),
('116', '51', '43', 'Vito la Déveine', '28', 'http://www.bedetheque.com/serie-9-BD-Spirou-et-Fantasio.html'),
('117', '51', '46', 'Machine qui rêve', '14', 'http://www.bedetheque.com/serie-9-BD-Spirou-et-Fantasio.html'),
('118', '52', '30', 'La rose de Bantry', '14', 'http://www.bedetheque.com/serie-178-BD-Tuniques-bleues-(Les).html'),
('119', '52', '29', 'En avant l amnésique!', '14', 'http://www.bedetheque.com/serie-178-BD-Tuniques-bleues-(Les).html'),
('120', '52', '25', 'Des bleus et des bosses', '14', 'http://www.bedetheque.com/serie-178-BD-Tuniques-bleues-(Les).html'),
('121', '52', '14', 'Le blanc-bec', '14', 'http://www.bedetheque.com/serie-178-BD-Tuniques-bleues-(Les).html'),
('122', '52', '17', 'El padre', '14', 'http://www.bedetheque.com/serie-178-BD-Tuniques-bleues-(Les).html'),
('123', '52', '23', 'Les cousins d en face', '14', 'http://www.bedetheque.com/serie-178-BD-Tuniques-bleues-(Les).html'),
('124', '52', '26', 'L or du Québec', '28', 'http://www.bedetheque.com/serie-178-BD-Tuniques-bleues-(Les).html'),
('125', '52', '1', 'Un chariot dans l ouest', '14', 'http://www.bedetheque.com/serie-178-BD-Tuniques-bleues-(Les).html'),
('126', '53', '1', 'Astérix le gaulois', '1', 'http://www.bedetheque.com/serie-59-BD-Asterix.html'),
('127', '53', '2', 'La serpe d or', '1', 'http://www.bedetheque.com/serie-59-BD-Asterix.html'),
('128', '53', '3', 'Astérix et les goths', '1', 'http://www.bedetheque.com/serie-59-BD-Asterix.html'),
('129', '53', '4', 'Astérix gladiateur', '1', 'http://www.bedetheque.com/serie-59-BD-Asterix.html'),
('130', '53', '5', 'Le tour de Gaule', '1', 'http://www.bedetheque.com/serie-59-BD-Asterix.html'),
('131', '53', '6', 'Astérix et Cléopatre', '1', 'http://www.bedetheque.com/serie-59-BD-Asterix.html'),
('132', '53', '7', 'Le combat des chefs', '1', 'http://www.bedetheque.com/serie-59-BD-Asterix.html'),
('133', '53', '8', 'Astérix chez les Bretons', '1', 'http://www.bedetheque.com/serie-59-BD-Asterix.html'),
('134', '53', '10', 'Astérix légionnaire', '1', 'http://www.bedetheque.com/serie-59-BD-Asterix.html'),
('135', '53', '11', 'Le bouclier Arvergne', '1', 'http://www.bedetheque.com/serie-59-BD-Asterix.html'),
('136', '53', '12', 'Astérix aux jeux olympiques', '1', 'http://www.bedetheque.com/serie-59-BD-Asterix.html'),
('137', '53', '16', 'Astérix chez les Helvètes', '1', 'http://www.bedetheque.com/serie-59-BD-Asterix.html'),
('138', '53', '17', 'Le domaine des Dieux', '1', 'http://www.bedetheque.com/serie-59-BD-Asterix.html'),
('139', '53', '18', 'Les lauriers de César ', '1', 'http://www.bedetheque.com/serie-59-BD-Asterix.html'),
('140', '53', '20', 'Astérix en Corse', '1', 'http://www.bedetheque.com/serie-59-BD-Asterix.html'),
('141', '53', '22', 'La grande Traversée', '1', 'http://www.bedetheque.com/serie-59-BD-Asterix.html'),
('448', '53', '27', 'le fils d Astérix', '29', 'http://www.bedetheque.com/serie-59-BD-Asterix.html'),
('143', '53', '28', 'Astérix chez Rahãzade', '29', 'http://www.bedetheque.com/serie-59-BD-Asterix.html'),
('144', '53', '29', 'La rose et le glaive', '29', 'http://www.bedetheque.com/serie-59-BD-Asterix.html'),
('145', '53', '30', 'La galère d Obélix', '29', 'http://www.bedetheque.com/serie-59-BD-Asterix.html'),
('146', '53', '31', 'Astérix et Latraviata', '29', 'http://www.bedetheque.com/serie-59-BD-Asterix.html'),
('147', '54', '1', 'La marque du diable', '1', 'http://www.bedetheque.com/serie-490-BD-Scorpion-(Le).html'),
('148', '54', '2', 'Le secret du pape', '1', 'http://www.bedetheque.com/serie-490-BD-Scorpion-(Le).html'),
('149', '54', '3', 'La Croix de Pierre', '1', 'http://www.bedetheque.com/serie-490-BD-Scorpion-(Le).html'),
('150', '55', '13', 'Génie en herbe', '1', ''),
('151', '56', '1', 'Les chiens meurent en hivers', '30', 'http://www.bedetheque.com/serie-821-BD-Durango.html'),
('152', '56', '2', 'Les forces de la colère', '30', 'http://www.bedetheque.com/serie-821-BD-Durango.html'),
('153', '56', '3', 'Pièges pour un tueur', '30', 'http://www.bedetheque.com/serie-821-BD-Durango.html'),
('154', '56', '4', 'Amos', '30', 'http://www.bedetheque.com/serie-821-BD-Durango.html'),
('155', '56', '5', 'Sierra sauvage', '30', 'http://www.bedetheque.com/serie-821-BD-Durango.html'),
('156', '56', '6', 'Le destin d un desperado', '30', 'http://www.bedetheque.com/serie-821-BD-Durango.html'),
('157', '56', '7', 'Loneville', '30', 'http://www.bedetheque.com/serie-821-BD-Durango.html'),
('158', '56', '8', 'Une raison pour mourir', '30', 'http://www.bedetheque.com/serie-821-BD-Durango.html'),
('159', '56', '9', 'L or de Duncan', '30', 'http://www.bedetheque.com/serie-821-BD-Durango.html'),
('160', '56', '10', 'La proie des chacals', '30', 'http://www.bedetheque.com/serie-821-BD-Durango.html'),
('161', '56', '11', 'Colorado', '30', 'http://www.bedetheque.com/serie-821-BD-Durango.html'),
('162', '57', '1', 'Le jour du soleil noir', '1', 'http://www.bedetheque.com/serie-7-BD-XIII.html'),
('163', '57', '2', 'Là où va l indien', '1', 'http://www.bedetheque.com/serie-7-BD-XIII.html'),
('164', '57', '3', 'Toutes les larmes de l enfer', '1', 'http://www.bedetheque.com/serie-7-BD-XIII.html'),
('165', '57', '4', 'Spads', '1', 'http://www.bedetheque.com/serie-7-BD-XIII.html'),
('166', '57', '5', 'Rouge total', '1', 'http://www.bedetheque.com/serie-7-BD-XIII.html'),
('167', '57', '6', 'Le dossier Jason Fly', '1', 'http://www.bedetheque.com/serie-7-BD-XIII.html'),
('168', '57', '7', 'La nuit du 3 août', '1', 'http://www.bedetheque.com/serie-7-BD-XIII.html'),
('169', '57', '8', 'Treize contre un', '1', 'http://www.bedetheque.com/serie-7-BD-XIII.html'),
('170', '57', '9', 'Pour Maria', '1', 'http://www.bedetheque.com/serie-7-BD-XIII.html'),
('171', '57', '10', 'El cascador', '1', 'http://www.bedetheque.com/serie-7-BD-XIII.html'),
('172', '57', '11', 'Les trois montres d argent', '1', 'http://www.bedetheque.com/serie-7-BD-XIII.html'),
('173', '57', '12', 'Le jugement ', '1', 'http://www.bedetheque.com/serie-7-BD-XIII.html'),
('174', '57', '13', 'The XIII Mystery - L enquête', '1', 'http://www.bedetheque.com/serie-7-BD-XIII.html'),
('175', '57', '14', 'Secret défense', '1', 'http://www.bedetheque.com/serie-7-BD-XIII.html'),
('176', '57', '15', 'Lachez les chiens!', '1', 'http://www.bedetheque.com/serie-7-BD-XIII.html'),
('177', '58', '1', 'La magicienne trahie', '23', 'http://www.bedetheque.com/serie-12-BD-Thorgal.html'),
('178', '58', '2', 'L ile des mers gelées', '23', 'http://www.bedetheque.com/serie-12-BD-Thorgal.html'),
('179', '58', '3', 'Les 3 veillards du pays d Aran', '23', 'http://www.bedetheque.com/serie-12-BD-Thorgal.html'),
('180', '58', '4', 'La galère noire', '23', 'http://www.bedetheque.com/serie-12-BD-Thorgal.html'),
('181', '58', '5', 'Au-delà des Ombres', '23', 'http://www.bedetheque.com/serie-12-BD-Thorgal.html'),
('182', '58', '6', 'La chute de Brek Zarith', '23', 'http://www.bedetheque.com/serie-12-BD-Thorgal.html'),
('183', '58', '7', 'L Enfant des Etoiles', '23', 'http://www.bedetheque.com/serie-12-BD-Thorgal.html'),
('184', '58', '8', 'Alinoë', '23', 'http://www.bedetheque.com/serie-12-BD-Thorgal.html'),
('185', '58', '9', 'Les Archers', '23', 'http://www.bedetheque.com/serie-12-BD-Thorgal.html'),
('186', '58', '10', 'Le pays Qâ', '23', 'http://www.bedetheque.com/serie-12-BD-Thorgal.html'),
('187', '58', '11', 'Les Yeux de Tanatloc', '23', 'http://www.bedetheque.com/serie-12-BD-Thorgal.html'),
('188', '58', '12', 'La Cité du dieu perdu', '23', 'http://www.bedetheque.com/serie-12-BD-Thorgal.html'),
('189', '58', '13', 'Entre Terre et Lumière', '23', 'http://www.bedetheque.com/serie-12-BD-Thorgal.html'),
('190', '58', '14', 'Aaricia', '23', 'http://www.bedetheque.com/serie-12-BD-Thorgal.html'),
('191', '58', '15', 'Le maître des Montagnes', '23', 'http://www.bedetheque.com/serie-12-BD-Thorgal.html'),
('192', '58', '16', 'Louve', '23', 'http://www.bedetheque.com/serie-12-BD-Thorgal.html'),
('193', '58', '17', 'La Gardienne des Clés', '23', 'http://www.bedetheque.com/serie-12-BD-Thorgal.html'),
('194', '58', '18', 'L Epée Soleil', '23', 'http://www.bedetheque.com/serie-12-BD-Thorgal.html'),
('195', '58', '19', 'La forteresse invisible', '23', 'http://www.bedetheque.com/serie-12-BD-Thorgal.html'),
('196', '58', '20', 'La marque des Bannis', '23', 'http://www.bedetheque.com/serie-12-BD-Thorgal.html'),
('197', '58', '21', 'La courone d Ogotaï', '23', 'http://www.bedetheque.com/serie-12-BD-Thorgal.html'),
('198', '58', '22', 'Géants', '23', 'http://www.bedetheque.com/serie-12-BD-Thorgal.html'),
('199', '58', '23', 'La cage', '23', 'http://www.bedetheque.com/serie-12-BD-Thorgal.html'),
('200', '58', '24', 'Arachnea', '23', 'http://www.bedetheque.com/serie-12-BD-Thorgal.html'),
('201', '58', '25', 'La mal bleu', '23', 'http://www.bedetheque.com/serie-12-BD-Thorgal.html'),
('202', '58', '26', 'Le royaume sous le sable', '23', 'http://www.bedetheque.com/serie-12-BD-Thorgal.html'),
('203', '59', '1', 'L Héritier', '31', 'http://www.bedetheque.com/serie-14-BD-Largo-Winch.html'),
('204', '59', '2', 'Le groupe W.', '31', 'http://www.bedetheque.com/serie-14-BD-Largo-Winch.html'),
('205', '59', '3', 'O.P.A.', '31', 'http://www.bedetheque.com/serie-14-BD-Largo-Winch.html'),
('206', '59', '4', 'Business Blues', '31', 'http://www.bedetheque.com/serie-14-BD-Largo-Winch.html'),
('207', '59', '5', 'H', '31', 'http://www.bedetheque.com/serie-14-BD-Largo-Winch.html'),
('208', '59', '8', 'L heure du tigre', '31', 'http://www.bedetheque.com/serie-14-BD-Largo-Winch.html'),
('209', '59', '9', 'Voir Venise...', '31', 'http://www.bedetheque.com/serie-14-BD-Largo-Winch.html'),
('210', '59', '10', '... Et mourir', '31', 'http://www.bedetheque.com/serie-14-BD-Largo-Winch.html'),
('211', '59', '11', 'Golden gate', '31', 'http://www.bedetheque.com/serie-14-BD-Largo-Winch.html'),
('212', '60', '1', 'Charles 1854', '17', ''),
('213', '60', '2', 'Margrit, 1886', '17', ''),
('214', '61', '1', 'tome 1', '1', 'http://www.bedetheque.com/serie-1018-BD-Rubrique-a-Brac.html'),
('215', '61', '2', 'tome 2', '1', 'http://www.bedetheque.com/serie-1018-BD-Rubrique-a-Brac.html'),
('216', '61', '3', 'tome 3', '1', 'http://www.bedetheque.com/serie-1018-BD-Rubrique-a-Brac.html'),
('217', '61', '4', 'tome 4', '1', 'http://www.bedetheque.com/serie-1018-BD-Rubrique-a-Brac.html'),
('218', '61', '5', 'tome 5', '1', 'http://www.bedetheque.com/serie-1018-BD-Rubrique-a-Brac.html'),
('219', '34', '0', 'Western', '32', 'http://www.bedetheque.com/serie-539-BD-Western.html'),
('252', '108', '0', 'Le grand pouvoir du Chninkel intégrale', '25', 'http://www.bedetheque.com/serie-26-BD-Grand-pouvoir-du-Chninkel-(Le).html'),
('221', '62', '7', 'L enfer en retour', '33', 'http://www.bedetheque.com/serie-320-BD-Sin-City.html'),
('223', '19', '3', 'Lambaratidinis', '7', 'http://www.bedetheque.com/serie-486-BD-7-secondes.html'),
('224', '13', '6', '6.1 Le hameau des chênes', '6', 'http://www.bedetheque.com/serie-75-BD-Travis.html'),
('225', '21', '7', 'Rencontres', '9', 'http://www.bedetheque.com/serie-49-BD-Chant-des-Stryges-(Le).html'),
('226', '16', '2', 'Le roi en jaune', '6', 'http://www.bedetheque.com/serie-5709-BD-Arcane-majeur.html'),
('227', '18', '3', 'Le dossier Karadine', '6', 'http://www.bedetheque.com/serie-259-BD-Arcanes.html'),
('228', '63', '1', 'Le pique rouge', '34', 'http://www.bedetheque.com/serie-1606-BD-Arno.html'),
('229', '63', '2', 'L oeil de kéops', '34', 'http://www.bedetheque.com/serie-1606-BD-Arno.html'),
('230', '63', '3', 'Le puits nubien', '34', 'http://www.bedetheque.com/serie-1606-BD-Arno.html'),
('231', '64', '1', 'Les Pantres', '35', 'http://www.bedetheque.com/serie-415-BD-Ring-Circus.html'),
('232', '64', '2', 'Les innocents', '35', 'http://www.bedetheque.com/serie-415-BD-Ring-Circus.html'),
('233', '64', '3', 'Les amants', '35', 'http://www.bedetheque.com/serie-415-BD-Ring-Circus.html'),
('234', '64', '4', 'Les révoltés', '35', 'http://www.bedetheque.com/serie-415-BD-Ring-Circus.html'),
('235', '39', '11', 'La mine de l allemand perdu ', '1', ''),
('236', '39', '13', 'Chihuahua Pearl', '1', ''),
('237', '65', '1', 'Le faune dansant ', '11', ''),
('238', '66', '2', 'Hestia', '6', ''),
('239', '34', '0', 'C.R.S = Détresse', '1', ''),
('240', '68', '1', 'Monsieur Noir tome 1', '36', ''),
('241', '68', '2', 'Monsieur Noir tome 2', '36', ''),
('242', '69', '7', 'Le trésor du mage', '25', ''),
('243', '69', '8', 'La dame des sables', '25', ''),
('244', '69', '9', 'L ogre de Worm ', '25', ''),
('245', '54', '4', 'Le Démon au Vatican', '1', 'http://www.bedetheque.com/serie-490-BD-Scorpion-(Le).html'),
('246', '58', '27', 'Le barbare', '23', 'http://www.bedetheque.com/serie-12-BD-Thorgal.html'),
('247', '46', '10', 'Alerte aux Pieds-Bleus', '14', ''),
('248', '46', '11', 'Lucky Luke contre Joss Jamon', '14', ''),
('249', '46', '12', 'Les cousins Daltons', '14', ''),
('250', '46', '2', 'Rodéo', '14', ''),
('251', '20', '6', 'Opération déluge', '8', 'http://www.bedetheque.com/serie-465-BD-Vlad.html'),
('253', '34', '0', 'Lune de Guerre', '36', 'http://www.bedetheque.com/serie-412-BD-Lune-de-guerre.html'),
('254', '13', '7', '6.2 Topkapi', '6', 'http://www.bedetheque.com/serie-75-BD-Travis.html'),
('255', '13', '8', 'L or bleu', '6', 'http://www.bedetheque.com/serie-75-BD-Travis.html'),
('256', '70', '1', 'Le choucas rapplique', '31', ''),
('257', '71', '1', 'Jaguar', '37', 'http://www.bedetheque.com/serie-1568-BD-Rails.html'),
('258', '71', '2', 'La garde blanche', '37', 'http://www.bedetheque.com/serie-1568-BD-Rails.html'),
('259', '71', '3', 'La chute du lion', '37', 'http://www.bedetheque.com/serie-1568-BD-Rails.html'),
('260', '71', '4', 'Face à face', '37', 'http://www.bedetheque.com/serie-1568-BD-Rails.html'),
('261', '72', '1', 'L homme sans clef ', '37', 'http://www.bedetheque.com/serie-97-BD-Horologiom.html'),
('262', '72', '2', 'L instant du Damokle', '37', 'http://www.bedetheque.com/serie-97-BD-Horologiom.html'),
('263', '72', '3', 'Nahédig', '37', 'http://www.bedetheque.com/serie-97-BD-Horologiom.html'),
('264', '72', '4', 'La nuit du requinqueur', '37', 'http://www.bedetheque.com/serie-97-BD-Horologiom.html'),
('265', '72', '5', 'Le grand rouage', '37', 'http://www.bedetheque.com/serie-97-BD-Horologiom.html'),
('266', '19', '4', 'Guillot', '7', 'http://www.bedetheque.com/serie-486-BD-7-secondes.html'),
('267', '18', '4', 'Le Cercle de Patmos 1/2', '6', 'http://www.bedetheque.com/serie-259-BD-Arcanes.html'),
('268', '18', '5', 'Le Cercle de Patmos 2/2', '6', 'http://www.bedetheque.com/serie-259-BD-Arcanes.html'),
('270', '5', '2', 'Les tours de Meirrion', '2', 'http://www.bedetheque.com/serie-1757-BD-Lanfeust-des-Etoiles.html'),
('271', '5', '3', 'Les sables d Abraxar', '2', 'http://www.bedetheque.com/serie-1757-BD-Lanfeust-des-Etoiles.html'),
('272', '5', '4', 'Les buveurs de mondes', '2', 'http://www.bedetheque.com/serie-1757-BD-Lanfeust-des-Etoiles.html'),
('273', '5', '5', 'La chevauchée des bactéries', '2', 'http://www.bedetheque.com/serie-1757-BD-Lanfeust-des-Etoiles.html'),
('274', '39', '7', 'Le cheval de fer', '1', ''),
('275', '28', '3', 'Rendez-Vous à Paris', '25', ''),
('276', '28', '4', 'Quatre ?', '25', ''),
('277', '58', '28', 'Kriss de Valnor', '23', 'http://www.bedetheque.com/serie-12-BD-Thorgal.html'),
('278', '58', '29', 'Le sacrifice', '23', 'http://www.bedetheque.com/serie-12-BD-Thorgal.html'),
('279', '73', '5', 'samba avec Tir Fixe', '25', ''),
('280', '74', '1', 'Achille Talon vous salue bien', '38', ''),
('281', '75', '1', 'Jam', '10', 'http://www.bedetheque.com/serie-837-BD-Fee-et-tendres-automates.html'),
('282', '75', '2', 'Elle', '10', 'http://www.bedetheque.com/serie-837-BD-Fee-et-tendres-automates.html'),
('283', '75', '3', 'Wolfgang Miyaké', '10', 'http://www.bedetheque.com/serie-837-BD-Fee-et-tendres-automates.html'),
('284', '76', '1', 'Les oubliés d Annam 1', '36', ''),
('285', '76', '2', 'Les oubliés d Annam 2', '36', ''),
('286', '77', '1', 'Le Choix des moyens', '17', 'http://www.bedetheque.com/serie-2357-BD-Elmer-et-moi.html'),
('287', '77', '2', 'Les règles du jeu', '17', 'http://www.bedetheque.com/serie-2357-BD-Elmer-et-moi.html'),
('288', '34', '0', 'Mateo Falcone', '39', ''),
('289', '78', '1', 'Premier Chapitre', '1', 'http://www.bedetheque.com/serie-8289-BD-Vengeance-du-Comte-Skarbek-(La).html'),
('290', '78', '2', 'Second Chapitre', '1', 'http://www.bedetheque.com/serie-8289-BD-Vengeance-du-Comte-Skarbek-(La).html'),
('291', '79', '1', 'L Ivoire du magohamoth', '40', 'http://www.bedetheque.com/serie-6-BD-Lanfeust-de-Troy.html'),
('292', '80', '1', 'Histoires Trolles', '40', 'http://www.bedetheque.com/serie-29-BD-Trolls-de-Troy.html'),
('293', '81', '1', 'Jukurpa', '41', 'http://www.bedetheque.com/serie-70-BD-Carmen-Mc-Callum.html'),
('294', '81', '2', 'Mare Tranquillitatis', '41', 'http://www.bedetheque.com/serie-70-BD-Carmen-Mc-Callum.html'),
('295', '81', '3', 'Intrusions', '41', 'http://www.bedetheque.com/serie-70-BD-Carmen-Mc-Callum.html'),
('296', '82', '1', 'Actes I', '41', ''),
('297', '82', '2', 'Actes II', '41', ''),
('298', '82', '3', 'Actes III', '41', ''),
('299', '34', '0', 'Wolverine Les Origines', '42', 'http://www.bedetheque.com/serie-20238-BD-Wolverine-les-origines-(marvel-deluxe).html'),
('300', '34', '0', 'Sibérie', '25', ''),
('301', '34', '0', 'La maison du temps qui passe', '43', ''),
('302', '20', '5', 'Taïga', '8', 'http://www.bedetheque.com/serie-465-BD-Vlad.html'),
('303', '20', '7', '15 novembre', '8', 'http://www.bedetheque.com/serie-465-BD-Vlad.html'),
('304', '83', '11', 'Chou bi dou wouah !', '44', ''),
('305', '34', '0', 'Le Cobaye', '45', ''),
('306', '85', '2', 'Indiana jones et la cité de la foudre', '38', ''),
('307', '43', '7', 'L affaire du collier', '22', ''),
('308', '45', '17', 'L affaire Tournesol', '25', 'http://www.bedetheque.com/serie-8372-BD-Tintin.html'),
('309', '86', '15', 'Orage sur le Cormoran', '23', ''),
('310', '83', '16', 'Faites place à Hyperman', '44', ''),
('311', '87', '2', 'Le rendez-vous d Angkor', '46', ''),
('318', '89', '2', 'Bonne espérance', '25', 'http://www.bedetheque.com/serie-3884-BD-Pirates.html'),
('333', '97', '0', 'La cuisine du diable', '51', 'http://www.bedetheque.com/serie-9372-BD-Cuisine-du-diable.html'),
('332', '96', '0', 'Intégrale', '25', 'http://www.bedetheque.com/album-85819-BD-L-integrale.html'),
('331', '95', '0', 'Premier cycle (1 à 4)', '50', 'http://www.bedetheque.com/album-73685-BD-Premier-cycle.html'),
('330', '94', '0', 'Histoire d en ville', '49', 'http://www.bedetheque.com/album-81622-BD-Integrale-Tome-1-a-3.html'),
('329', '93', '2', 'Situations critiques', '1', 'http://www.bedetheque.com/serie-17923-BD-Pico-Bogue.html'),
('328', '93', '1', 'La vie et moi', '1', 'http://www.bedetheque.com/serie-17923-BD-Pico-Bogue.html'),
('327', '92', '0', 'ZOO édition intégrale', '14', 'http://www.bedetheque.com/album-81226-BD-Edition-integrale.html'),
('326', '91', '5', 'Les révolutions', '48', 'http://www.bedetheque.com/serie-4491-BD-Retour-a-la-terre-(Le).html'),
('325', '91', '3', 'Le vaste monde', '48', 'http://www.bedetheque.com/serie-4491-BD-Retour-a-la-terre-(Le).html'),
('324', '90', '2', 'L Oeil Fé', '9', 'http://www.bedetheque.com/serie-3460-BD-Algernon-Woodcock.html'),
('323', '90', '1', 'L Oeil Fé', '9', 'http://www.bedetheque.com/serie-3460-BD-Algernon-Woodcock.html'),
('322', '34', '0', 'Shutter island', '47', 'http://www.bedetheque.com/serie-18680-BD-Shutter-Island.html'),
('321', '89', '5', 'Jusqu au bout du rêve', '25', 'http://www.bedetheque.com/serie-3884-BD-Pirates.html'),
('320', '89', '4', 'Paloma', '25', 'http://www.bedetheque.com/serie-3884-BD-Pirates.html'),
('319', '89', '3', 'Les naufrageurs', '25', 'http://www.bedetheque.com/serie-3884-BD-Pirates.html'),
('312', '34', '0', 'Pierre qui roule', '47', 'http://www.bedetheque.com/serie-17756-BD-Pierre-qui-roule.html'),
('313', '34', '0', 'Tout seul', '10', 'http://www.bedetheque.com/serie-18743-BD-Tout-seul.html'),
('314', '0', '1', 'La fille sur la falaise', '25', 'http://www.bedetheque.com/serie-9839-BD-Auberge-du-bout-du-monde-(L-).html'),
('315', '0', '2', 'Des pas sur le sable', '25', 'http://www.bedetheque.com/serie-9839-BD-Auberge-du-bout-du-monde-(L-).html'),
('316', '0', '3', 'Les remords de l aube', '25', 'http://www.bedetheque.com/serie-9839-BD-Auberge-du-bout-du-monde-(L-).html'),
('317', '89', '1', 'Un autre monde', '25', 'http://www.bedetheque.com/serie-3884-BD-Pirates.html'),
('334', '34', '0', 'Afrika', '32', ''),
('335', '98', '1', 'L Incal Noir', '52', 'http://www.bedetheque.com/serie-15-BD-Incal.html'),
('336', '98', '2', 'L Incal Lumière', '52', 'http://www.bedetheque.com/serie-15-BD-Incal.html'),
('337', '98', '3', 'Ce qui est en bas', '52', 'http://www.bedetheque.com/serie-15-BD-Incal.html'),
('338', '98', '4', 'Ce qui est en haut', '52', 'http://www.bedetheque.com/serie-15-BD-Incal.html'),
('339', '98', '5', 'La cinquième essence/Galaxie qui songe', '11', 'http://www.bedetheque.com/serie-15-BD-Incal.html'),
('340', '98', '6', 'La cinquième essence/La planète Difool', '52', 'http://www.bedetheque.com/serie-15-BD-Incal.html'),
('341', '99', '1', 'La nuit des rapaces', '31', 'http://www.bedetheque.com/serie-10-BD-Jeremiah.html'),
('342', '99', '4', 'Les yeux de fer rouge', '19', 'http://www.bedetheque.com/serie-10-BD-Jeremiah.html'),
('343', '99', '6', 'La secte', '31', 'http://www.bedetheque.com/serie-10-BD-Jeremiah.html'),
('344', '99', '17', 'Trois motos... ou quatre', '31', 'http://www.bedetheque.com/serie-10-BD-Jeremiah.html'),
('345', '34', '0', 'Des maux pour le dire', '53', 'http://www.bedetheque.com/serie-4590-BD-Des-maux-pour-le-dire.html'),
('346', '83', '1', 'Intégrale 1 :Elle est pas belle la vies et Tous aux abris', '44', 'http://www.bedetheque.com/serie-566-BD-Calvin-et-Hobbes__2.html#53253'),
('347', '100', '1', 'Viet Blues', '25', 'http://www.bedetheque.com/album-26591-BD-Alack-Sinner.html'),
('348', '101', '7', 'Assujettis sociaux', '26', 'http://www.bedetheque.com/album-1035-BD-Les-Bidochon-assujettis-sociaux.html'),
('349', '103', '1', 'La forêt sans retour', '9', 'http://www.bedetheque.com/serie-166-BD-Bone.html'),
('350', '103', '2', 'La grande course', '55', 'http://www.bedetheque.com/serie-166-BD-Bone.html'),
('351', '103', '3', 'Rêves et cauchemars', '55', 'http://www.bedetheque.com/serie-166-BD-Bone.html'),
('352', '103', '5', 'Le seigneur des marches de l est', '9', 'http://www.bedetheque.com/serie-166-BD-Bone.html'),
('353', '104', '1', 'La voie Fiscale', '8', 'http://www.bedetheque.com/serie-317-BD-IR$.html'),
('354', '104', '3', 'Blue Ice', '26', 'http://www.bedetheque.com/serie-317-BD-IR$.html'),
('355', '104', '4', 'Narcocratie', '26', 'http://www.bedetheque.com/serie-317-BD-IR$.html'),
('356', '105', '0', ' Intégrale', '1', 'http://www.bedetheque.com/album-14810-BD-Integrale.html'),
('357', '106', '1', 'Les sept bourreaux', '56', 'http://www.bedetheque.com/serie-2744-BD-Nain-rouge.html'),
('358', '106', '2', 'L oeil de la nuit', '2', 'http://www.bedetheque.com/serie-2744-BD-Nain-rouge.html'),
('359', '107', '0', 'Les Lumières de l Amalou', '37', 'http://www.bedetheque.com/serie-184-BD-Lumieres-de-l-Amalou.html'),
('360', '109', '0', 'MangeCoeur intégrale', '51', 'http://www.bedetheque.com/serie-86-BD-Mangecoeur.html'),
('361', '110', '15', 'Le fantôme de Bruges', '23', 'http://www.bedetheque.com/album-5034-BD-Le-fantome-de-Bruges.html'),
('362', '111', '16', 'L ultimatum', '25', 'http://www.bedetheque.com/serie-187-BD-Lefranc__1.html#40303'),
('363', '112', '1', 'Juillet-août 1914, les moissons d acier', '9', 'http://www.bedetheque.com/serie-16921-BD-Sentinelles.html'),
('364', '112', '2', 'Septembre 1914, la Marne', '9', 'http://www.bedetheque.com/serie-16921-BD-Sentinelles.html'),
('365', '113', '1', 'Le dernier Temple d Ascépios', '9', 'http://www.bedetheque.com/serie-14167-BD-Licorne.html'),
('366', '113', '2', 'Ad Naturam', '9', 'http://www.bedetheque.com/serie-14167-BD-Licorne.html'),
('367', '113', '3', 'Les Eaux noires de Venise', '9', 'http://www.bedetheque.com/serie-14167-BD-Licorne.html'),
('368', '114', '1', 'Babette', '17', 'http://www.bedetheque.com/serie-1091-BD-Tours-de-Bois-Maury.html'),
('369', '114', '2', 'Eloïse de Montgri', '17', 'http://www.bedetheque.com/serie-1091-BD-Tours-de-Bois-Maury.html'),
('370', '114', '4', 'Reinhardt', '17', 'http://www.bedetheque.com/serie-1091-BD-Tours-de-Bois-Maury.html'),
('371', '114', '5', 'Alda', '34', 'http://www.bedetheque.com/serie-1091-BD-Tours-de-Bois-Maury.html'),
('372', '114', '6', 'Sigurd', '34', 'http://www.bedetheque.com/serie-1091-BD-Tours-de-Bois-Maury.html'),
('373', '115', '1', 'L impasse', '25', 'http://www.bedetheque.com/serie-1376-BD-Sales-mioches.html'),
('374', '115', '3', 'La ficelle', '25', 'http://www.bedetheque.com/serie-1376-BD-Sales-mioches.html'),
('375', '115', '4', 'Mauvaise pente', '25', 'http://www.bedetheque.com/serie-1376-BD-Sales-mioches.html'),
('376', '116', '1', 'Long feu', '25', 'http://www.bedetheque.com/serie-532-BD-Tueur.html'),
('377', '116', '2', 'L engrenage', '25', 'http://www.bedetheque.com/serie-532-BD-Tueur.html'),
('378', '116', '3', 'La dette', '25', 'http://www.bedetheque.com/serie-532-BD-Tueur.html'),
('379', '116', '4', 'Les liens du sang', '25', 'http://www.bedetheque.com/serie-532-BD-Tueur.html'),
('380', '116', '5', 'La mort dans l âme', '25', 'http://www.bedetheque.com/serie-532-BD-Tueur.html'),
('381', '116', '7', 'Le commun des mortels', '25', 'http://www.bedetheque.com/serie-532-BD-Tueur.html'),
('382', '117', '3', 'Malocchio', '17', 'http://www.bedetheque.com/serie-1573-BD-Pont-dans-la-vase.html'),
('383', '117', '4', 'Barthelemy', '17', 'http://www.bedetheque.com/serie-1573-BD-Pont-dans-la-vase.html'),
('384', '117', '1', 'L anguille', '3', 'http://www.bedetheque.com/serie-1573-BD-Pont-dans-la-vase.html#6725'),
('385', '117', '2', 'Orlandus', '3', 'http://www.bedetheque.com/serie-1573-BD-Pont-dans-la-vase.html'),
('386', '115', '5', 'La veuve pigeon', '25', 'http://www.bedetheque.com/serie-1376-BD-Sales-mioches.html'),
('387', '115', '6', 'Les frères Dalessandre', '25', 'http://www.bedetheque.com/serie-1376-BD-Sales-mioches.html'),
('388', '115', '7', 'L Atalante', '25', 'http://www.bedetheque.com/serie-1376-BD-Sales-mioches.html'),
('389', '34', '0', 'Trois Ombres', '57', 'http://www.bdgest.com/chronique-2514-BD-Trois-ombres.html'),
('390', '118', '1', 'Riyad-Sur-Seine', '58', 'http://www.bedetheque.com/album-62698-BD-Riyad-sur-Seine.html'),
('391', '118', '2', 'Bangkok-Belleville', '58', 'http://www.bedetheque.com/serie-15328-BD-RG.html'),
('392', '119', '3', 'La nuit des scorpions', '1', 'http://www.bedetheque.com/album-44203-BD-La-nuit-des-scorpions.html'),
('393', '120', '1', 'La fille sous la dunette', '17', 'http://www.bedetheque.com/album-302-BD-La-fille-sous-la-dunette.html'),
('394', '120', '2', 'Le ponton', '17', 'http://www.bedetheque.com/album-303-BD-Le-ponton.html'),
('395', '114', '7', 'William', '34', 'http://www.bedetheque.com/album-17454-BD-William.html'),
('396', '114', '8', 'Le Seldjouki', '34', 'http://www.bedetheque.com/album-17455-BD-Le-seldjouki.html'),
('397', '114', '9', 'Khaled', '34', 'http://www.bedetheque.com/album-17456-BD-Khaled.html'),
('398', '114', '10', 'Olivier', '34', 'http://www.bedetheque.com/album-17457-BD-Olivier.html'),
('399', '114', '11', 'Assunta', '34', 'http://www.bedetheque.com/album-12409-BD-Assunta.html'),
('400', '114', '12', 'Rodrigo', '34', 'http://www.bedetheque.com/album-12410-BD-Rodrigo.html'),
('401', '121', '1', 'Louis la Guigne', '34', 'http://www.bedetheque.com/serie-5288-BD-Louis-la-Guigne.html#21842'),
('402', '121', '2', 'Moulin Rouge', '34', 'http://www.bedetheque.com/serie-5288-BD-Louis-la-Guigne.html#21845'),
('403', '121', '3', 'Un automne à Berlin', '34', 'http://www.bedetheque.com/serie-5288-BD-Louis-la-Guigne.html#21849'),
('404', '121', '4', 'Le jour des faucons', '34', 'http://www.bedetheque.com/serie-5288-BD-Louis-la-Guigne.html#21852'),
('405', '121', '5', 'L escouade pourpre', '34', 'http://www.bedetheque.com/serie-5288-BD-Louis-la-Guigne.html#21854'),
('406', '121', '6', 'Charleston', '34', 'http://www.bedetheque.com/serie-5288-BD-Louis-la-Guigne.html#21856'),
('407', '121', '7', 'Les vagabonds', '34', 'http://www.bedetheque.com/serie-5288-BD-Louis-la-Guigne.html#21858'),
('408', '121', '8', 'Fureur', '34', 'http://www.bedetheque.com/serie-5288-BD-Louis-la-Guigne.html#21860'),
('409', '121', '9', 'Leo', '34', 'http://www.bedetheque.com/serie-5288-BD-Louis-la-Guigne.html#21861'),
('410', '121', '10', 'Etchezabal', '34', 'http://www.bedetheque.com/serie-5288-BD-Louis-la-Guigne.html#21863'),
('411', '121', '11', 'La cinquième colonne', '34', 'http://www.bedetheque.com/serie-5288-BD-Louis-la-Guigne__1.html#21865'),
('412', '121', '12', 'Les parias', '34', 'http://www.bedetheque.com/serie-5288-BD-Louis-la-Guigne__1.html#21867'),
('413', '121', '13', 'Lo Zio', '34', 'http://www.bedetheque.com/serie-5288-BD-Louis-la-Guigne__1.html#21869'),
('414', '122', '1', 'Tome I', '59', 'http://www.bedetheque.com/serie-1571-BD-Revoltes.html#6721'),
('415', '122', '2', 'Tome II', '59', 'http://www.bedetheque.com/serie-1571-BD-Revoltes.html#6722'),
('416', '122', '3', 'Tome III', '59', 'http://www.bedetheque.com/serie-1571-BD-Revoltes.html#11015'),
('417', '123', '1', 'Le dos au mur', '7', 'http://www.bedetheque.com/serie-224-BD-Enrages.html#610'),
('418', '123', '2', 'Spring Haven', '7', 'http://www.bedetheque.com/serie-224-BD-Enrages.html#1776'),
('419', '123', '3', 'Chinook blues', '7', 'http://www.bedetheque.com/serie-224-BD-Enrages.html#1777'),
('420', '123', '4', 'Love in Reno', '7', 'http://www.bedetheque.com/serie-224-BD-Enrages.html#1778'),
('421', '123', '5', 'Héritage', '7', 'http://www.bedetheque.com/serie-224-BD-Enrages.html#1779'),
('422', '124', '1', 'La dix-neuvième victime', '7', 'http://www.bedetheque.com/serie-62-BD-Esprit-de-Warren.html#855'),
('423', '124', '2', 'La légende de nouvel homme', '7', 'http://www.bedetheque.com/serie-62-BD-Esprit-de-Warren.html#976'),
('424', '124', '3', 'L enfant au fond du jardin', '7', 'http://www.bedetheque.com/serie-62-BD-Esprit-de-Warren.html#1404'),
('425', '124', '4', 'Encore quelques heures à vivre', '7', 'http://www.bedetheque.com/serie-62-BD-Esprit-de-Warren.html#47675'),
('426', '34', '0', 'L oiseau noir', '36', 'http://www.bedetheque.com/album-21819-BD-L-oiseau-noir.html'),
('427', '125', '1', 'Le voyage en Italie 1', '36', 'http://www.bedetheque.com/serie-30-BD-Voyage-en-Italie.html'),
('428', '125', '2', 'Le voyage en Italie 2', '36', 'http://www.bedetheque.com/serie-30-BD-Voyage-en-Italie.html'),
('429', '126', '1', 'La genèse', '2', 'http://www.bedetheque.com/serie-279-BD-Universal-War-One.html'),
('430', '126', '2', 'Le fruit de la connaissance', '2', 'http://www.bedetheque.com/serie-279-BD-Universal-War-One.html'),
('431', '126', '3', 'Caïn et Abel', '2', 'http://www.bedetheque.com/serie-279-BD-Universal-War-One.html'),
('432', '126', '4', 'Le déluge', '2', 'http://www.bedetheque.com/serie-279-BD-Universal-War-One.html'),
('433', '126', '5', 'Babel', '2', 'http://www.bedetheque.com/serie-279-BD-Universal-War-One.html'),
('434', '126', '6', 'Le patriarche', '2', 'http://www.bedetheque.com/serie-279-BD-Universal-War-One.html'),
('435', '127', '1', 'La chute de Babylon', '1', 'http://www.bedetheque.com/serie-6843-BD-WEST.html'),
('436', '127', '2', 'Century Club', '1', 'http://www.bedetheque.com/serie-6843-BD-WEST.html'),
('437', '127', '3', 'El Santero', '1', 'http://www.bedetheque.com/serie-6843-BD-WEST.html'),
('438', '34', '0', 'Zhong Guo', '36', 'http://www.bedetheque.com/serie-7879-BD-Zhong-Guo.html'),
('439', '128', '1', 'L étoile du gitan', '2', 'http://www.bedetheque.com/serie-79-BD-Gipsy.html'),
('440', '128', '2', 'les feux de Sibérie', '2', 'http://www.bedetheque.com/serie-79-BD-Gipsy.html'),
('441', '128', '3', 'Le jour du tsar', '2', 'http://www.bedetheque.com/serie-79-BD-Gipsy.html'),
('442', '128', '4', 'Les yeux noirs', '2', 'http://www.bedetheque.com/serie-79-BD-Gipsy.html'),
('443', '128', '5', 'L aile blanche', '2', 'http://www.bedetheque.com/serie-79-BD-Gipsy.html'),
('444', '128', '6', 'Le rire Aztèque', '2', 'http://www.bedetheque.com/serie-79-BD-Gipsy.html'),
('445', '129', '1', 'première partie', '9', 'http://www.bedetheque.com/serie-15617-BD-Confrerie-du-crabe.html'),
('446', '129', '2', 'Deuxième partie', '9', 'http://www.bedetheque.com/serie-15617-BD-Confrerie-du-crabe.html');

CREATE TABLE `album_dessinateur` (
   `album_id` int(5) default '0',
   `dessinateur_id` int(5) default '0'
) ENGINE=MyISAM DEFAULT CHARSET=latin1;

INSERT INTO `album_dessinateur` (`album_id`, `dessinateur_id`) VALUES 
('449', '1'),
('452', '1'),
('451', '1'),
('450', '1'),
('453', '2'),
('454', '2'),
('7', '3'),
('8', '3'),
('9', '3'),
('10', '3'),
('11', '4'),
('12', '4'),
('13', '4'),
('14', '4'),
('15', '5'),
('16', '6'),
('17', '6'),
('18', '6'),
('19', '7'),
('20', '7'),
('21', '7'),
('22', '7'),
('23', '8'),
('24', '8'),
('25', '8'),
('26', '9'),
('27', '9'),
('28', '10'),
('29', '10'),
('30', '10'),
('31', '10'),
('32', '10'),
('33', '11'),
('34', '11'),
('35', '11'),
('36', '12'),
('37', '12'),
('38', '12'),
('39', '12'),
('40', '12'),
('41', '13'),
('42', '13'),
('43', '14'),
('44', '14'),
('45', '14'),
('46', '14'),
('47', '15'),
('48', '16'),
('49', '16'),
('50', '17'),
('51', '17'),
('52', '18'),
('53', '18'),
('54', '18'),
('55', '18'),
('56', '19'),
('57', '19'),
('58', '19'),
('59', '19'),
('60', '19'),
('61', '19'),
('62', '20'),
('63', '20'),
('64', '20'),
('65', '20'),
('66', '21'),
('67', '22'),
('68', '23'),
('69', '23'),
('70', '24'),
('71', '25'),
('72', '25'),
('73', '25'),
('74', '26'),
('75', '26'),
('76', '27'),
('77', '27'),
('78', '27'),
('79', '28'),
('80', '29'),
('81', '29'),
('82', '30'),
('83', '31'),
('84', '32'),
('85', '33'),
('86', '33'),
('87', '33'),
('88', '33'),
('89', '33'),
('90', '34'),
('91', '35'),
('92', '36'),
('93', '37'),
('94', '38'),
('95', '39'),
('96', '40'),
('97', '41'),
('98', '41'),
('99', '42'),
('100', '42'),
('101', '43'),
('102', '43'),
('103', '43'),
('447', '43'),
('105', '43'),
('106', '43'),
('107', '44'),
('108', '44'),
('109', '44'),
('110', '45'),
('111', '46'),
('112', '46'),
('113', '47'),
('114', '47'),
('115', '47'),
('116', '47'),
('117', '47'),
('118', '48'),
('119', '48'),
('120', '48'),
('121', '48'),
('122', '48'),
('123', '48'),
('124', '48'),
('125', '49'),
('126', '50'),
('127', '50'),
('128', '50'),
('129', '50'),
('130', '50'),
('131', '50'),
('132', '50'),
('133', '50'),
('134', '50'),
('135', '50'),
('136', '50'),
('137', '50'),
('138', '50'),
('139', '50'),
('140', '50'),
('141', '50'),
('448', '50'),
('143', '50'),
('144', '50'),
('145', '50'),
('146', '50'),
('147', '1'),
('148', '1'),
('149', '1'),
('150', '51'),
('151', '52'),
('152', '52'),
('153', '52'),
('154', '52'),
('155', '52'),
('156', '52'),
('157', '52'),
('158', '52'),
('159', '52'),
('160', '52'),
('161', '52'),
('162', '53'),
('163', '53'),
('164', '53'),
('165', '53'),
('166', '53'),
('167', '53'),
('168', '53'),
('169', '53'),
('170', '53'),
('171', '53'),
('172', '53'),
('173', '53'),
('174', '53'),
('175', '53'),
('176', '53'),
('177', '54'),
('178', '54'),
('179', '54'),
('180', '54'),
('181', '54'),
('182', '54'),
('183', '54'),
('184', '54'),
('185', '54'),
('186', '54'),
('187', '54'),
('188', '54'),
('189', '54'),
('190', '54'),
('191', '54'),
('192', '54'),
('193', '54'),
('194', '54'),
('195', '54'),
('196', '54'),
('197', '54'),
('198', '54'),
('199', '54'),
('200', '54'),
('201', '54'),
('202', '54'),
('203', '55'),
('204', '55'),
('205', '55'),
('206', '55'),
('207', '55'),
('208', '55'),
('209', '55'),
('210', '55'),
('211', '55'),
('212', '56'),
('213', '56'),
('214', '57'),
('215', '57'),
('216', '57'),
('217', '57'),
('218', '57'),
('219', '54'),
('252', '54'),
('221', '58'),
('224', '12'),
('223', '17'),
('225', '19'),
('226', '15'),
('227', '59'),
('228', '60'),
('229', '60'),
('230', '60'),
('231', '61'),
('232', '61'),
('233', '61'),
('234', '61'),
('235', '37'),
('236', '37'),
('237', '62'),
('238', '63'),
('239', '64'),
('240', '18'),
('241', '18'),
('242', '65'),
('243', '65'),
('244', '65'),
('245', '1'),
('246', '54'),
('247', '44'),
('248', '44'),
('249', '44'),
('250', '44'),
('251', '18'),
('253', '66'),
('254', '12'),
('255', '12'),
('256', '67'),
('257', '68'),
('258', '68'),
('259', '68'),
('260', '68'),
('261', '69'),
('262', '69'),
('263', '69'),
('264', '69'),
('265', '69'),
('266', '17'),
('267', '59'),
('268', '59'),
('270', '5'),
('271', '5'),
('272', '5'),
('273', '5'),
('274', '37'),
('275', '26'),
('276', '26'),
('277', '54'),
('278', '54'),
('279', '70'),
('280', '71'),
('281', '72'),
('282', '72'),
('283', '72'),
('284', '67'),
('285', '67'),
('286', '73'),
('287', '73'),
('288', '74'),
('289', '54'),
('290', '54'),
('291', '5'),
('292', '75'),
('293', '76'),
('294', '76'),
('295', '76'),
('296', '77'),
('297', '77'),
('298', '77'),
('299', '78'),
('300', '79'),
('301', '80'),
('302', '18'),
('303', '18'),
('304', '81'),
('305', '82'),
('306', '83'),
('307', '41'),
('308', '43'),
('309', '84'),
('310', '81'),
('311', '85'),
('312', '67'),
('313', '86'),
('314', '87'),
('315', '87'),
('316', '87'),
('317', '88'),
('318', '88'),
('319', '88'),
('320', '88'),
('321', '88'),
('322', '89'),
('323', '90'),
('324', '90'),
('325', '91'),
('326', '91'),
('327', '92'),
('328', '93'),
('329', '93'),
('330', '94'),
('331', '95'),
('332', '96'),
('333', '97'),
('334', '66'),
('335', '98'),
('336', '98'),
('337', '98'),
('338', '98'),
('339', '98'),
('340', '98'),
('341', '66'),
('342', '66'),
('343', '66'),
('344', '66'),
('345', '67'),
('346', '81'),
('347', '99'),
('348', '100'),
('349', '101'),
('350', '101'),
('351', '101'),
('352', '101'),
('353', '102'),
('354', '102'),
('355', '102'),
('356', '103'),
('357', '104'),
('358', '104'),
('359', '105'),
('360', '106'),
('361', '107'),
('362', '108'),
('363', '109'),
('364', '109'),
('365', '110'),
('366', '110'),
('367', '110'),
('368', '66'),
('369', '66'),
('370', '66'),
('371', '66'),
('372', '66'),
('373', '94'),
('374', '94'),
('375', '94'),
('376', '111'),
('377', '111'),
('378', '111'),
('379', '111'),
('380', '111'),
('381', '111'),
('382', '112'),
('383', '112'),
('384', '112'),
('385', '112'),
('386', '94'),
('387', '94'),
('388', '94'),
('389', '61'),
('390', '113'),
('391', '113'),
('392', '114'),
('393', '115'),
('394', '115'),
('395', '66'),
('396', '66'),
('397', '66'),
('398', '66'),
('399', '66'),
('400', '66'),
('401', '116'),
('402', '116'),
('403', '116'),
('404', '116'),
('405', '116'),
('406', '116'),
('407', '116'),
('408', '116'),
('409', '116'),
('410', '116'),
('411', '116'),
('412', '116'),
('413', '116'),
('414', '117'),
('415', '117'),
('416', '117'),
('417', '118'),
('418', '118'),
('419', '118'),
('420', '118'),
('421', '118'),
('422', '119'),
('423', '119'),
('424', '119'),
('425', '119'),
('426', '116'),
('427', '120'),
('428', '120'),
('429', '13'),
('430', '13'),
('431', '13'),
('432', '13'),
('433', '13'),
('434', '13'),
('435', '121'),
('436', '121'),
('437', '121'),
('438', '66'),
('439', '1'),
('440', '1'),
('441', '1'),
('442', '1'),
('443', '1'),
('444', '1'),
('445', '106'),
('446', '106');

CREATE TABLE `album_genre` (
   `album_id` int(5) default '0',
   `genre_id` int(5) default '0'
) ENGINE=MyISAM DEFAULT CHARSET=latin1;

INSERT INTO `album_genre` (`album_id`, `genre_id`) VALUES 
('219', '4'),
('51', '1'),
('50', '1'),
('223', '1'),
('266', '1'),
('280', '3'),
('347', '1'),
('323', '2'),
('324', '2'),
('228', '6'),
('229', '6'),
('230', '6'),
('126', '3'),
('127', '3'),
('128', '3'),
('129', '3'),
('130', '3'),
('131', '3'),
('132', '3'),
('133', '3'),
('134', '3'),
('135', '3'),
('136', '3'),
('137', '3'),
('138', '3'),
('139', '3'),
('140', '3'),
('141', '3'),
('142', '3'),
('143', '3'),
('144', '3'),
('145', '3'),
('146', '3'),
('177', '2'),
('178', '2'),
('179', '2'),
('180', '2'),
('181', '2'),
('182', '2'),
('183', '2'),
('184', '2'),
('185', '2'),
('186', '2'),
('187', '2'),
('188', '2'),
('189', '2'),
('190', '2'),
('191', '2'),
('192', '2'),
('193', '2'),
('194', '2'),
('195', '2'),
('196', '2'),
('197', '2'),
('198', '2'),
('199', '2'),
('200', '2'),
('201', '2'),
('202', '2'),
('246', '2'),
('277', '2'),
('278', '2'),
('162', '1'),
('163', '1'),
('164', '1'),
('165', '1'),
('166', '1'),
('167', '1'),
('168', '1'),
('169', '1'),
('170', '1'),
('171', '1'),
('172', '1'),
('173', '1'),
('174', '1'),
('175', '1'),
('176', '1'),
('376', '1'),
('377', '1'),
('378', '1'),
('379', '1'),
('380', '1'),
('381', '1'),
('382', '2'),
('383', '2'),
('384', '2'),
('385', '2'),
('151', '4'),
('152', '4'),
('153', '4'),
('154', '4'),
('155', '4'),
('156', '4'),
('157', '4'),
('158', '4'),
('159', '4'),
('160', '4'),
('161', '4'),
('36', '5'),
('37', '5'),
('38', '5'),
('39', '5'),
('40', '5'),
('224', '5'),
('254', '5'),
('255', '5'),
('293', '5'),
('294', '5'),
('295', '5'),
('242', '6'),
('243', '6'),
('244', '6'),
('85', '1'),
('86', '1'),
('87', '1'),
('88', '1'),
('89', '1'),
('281', '2'),
('261', '2'),
('262', '2'),
('263', '2'),
('264', '2'),
('265', '2'),
('353', '1'),
('354', '1'),
('355', '1'),
('335', '5'),
('336', '5'),
('337', '5'),
('338', '5'),
('339', '5'),
('340', '5'),
('56', '5'),
('57', '5'),
('58', '5'),
('59', '5'),
('60', '5'),
('61', '5'),
('225', '5'),
('113', '3'),
('114', '3'),
('115', '3'),
('116', '3'),
('117', '3'),
('111', '3'),
('112', '3'),
('326', '7'),
('325', '7'),
('304', '3'),
('310', '3'),
('346', '3'),
('279', '8'),
('315', '2'),
('47', '5'),
('48', '5'),
('49', '5'),
('226', '5'),
('227', '5'),
('267', '5'),
('268', '5'),
('62', '5'),
('63', '5'),
('64', '5'),
('65', '5'),
('93', '4'),
('94', '4'),
('235', '4'),
('236', '4'),
('274', '4'),
('23', '6'),
('24', '6'),
('25', '6'),
('290', '8'),
('9', '2'),
('10', '2'),
('341', '7'),
('342', '7'),
('343', '7'),
('344', '7'),
('76', '5'),
('77', '5'),
('78', '5'),
('365', '2'),
('366', '2'),
('367', '2'),
('203', '1'),
('204', '1'),
('205', '1'),
('206', '1'),
('207', '1'),
('208', '1'),
('209', '1'),
('210', '1'),
('211', '1'),
('80', '2'),
('81', '2'),
('147', '6'),
('148', '6'),
('149', '6'),
('245', '6'),
('11', '2'),
('12', '2'),
('13', '2'),
('14', '2'),
('92', '8'),
('256', '1'),
('270', '2'),
('306', '8'),
('357', '6'),
('273', '2'),
('237', '2'),
('283', '2'),
('284', '6'),
('285', '6'),
('363', '6'),
('364', '6'),
('309', '8'),
('66', '1'),
('41', '5'),
('42', '5'),
('332', '6'),
('26', '2'),
('449', '2'),
('272', '2'),
('311', '8'),
('282', '2'),
('316', '2'),
('314', '2'),
('289', '8'),
('33', '2'),
('34', '2'),
('35', '2'),
('43', '5'),
('44', '5'),
('45', '5'),
('46', '5'),
('52', '5'),
('53', '5'),
('54', '5'),
('55', '5'),
('251', '5'),
('302', '5'),
('303', '5'),
('97', '1'),
('98', '1'),
('307', '1'),
('101', '8'),
('102', '8'),
('103', '8'),
('104', '8'),
('105', '8'),
('106', '8'),
('308', '8'),
('107', '4'),
('108', '4'),
('109', '4'),
('247', '4'),
('248', '4'),
('249', '4'),
('250', '4'),
('150', '3'),
('349', '8'),
('350', '8'),
('351', '8'),
('352', '8'),
('70', '2'),
('83', '8'),
('110', '3'),
('296', '8'),
('297', '8'),
('298', '8'),
('330', '1'),
('373', '8'),
('374', '8'),
('375', '8'),
('386', '8'),
('387', '8'),
('388', '8'),
('28', '5'),
('29', '5'),
('30', '5'),
('31', '5'),
('32', '5'),
('99', '8'),
('100', '8'),
('214', '3'),
('215', '3'),
('216', '3'),
('217', '3'),
('218', '3'),
('252', '2'),
('221', '1'),
('257', '1'),
('258', '1'),
('259', '1'),
('260', '1'),
('289', '8'),
('290', '8'),
('312', '1'),
('239', '3'),
('253', '8'),
('322', '1'),
('313', '7'),
('334', '8'),
('345', '7'),
('84', '6'),
('356', '2'),
('389', '8'),
('390', '1'),
('391', '1'),
('68', '2'),
('69', '2'),
('231', '8'),
('232', '8'),
('233', '8'),
('234', '8'),
('392', '6'),
('393', '6'),
('394', '6'),
('368', '6'),
('369', '6'),
('370', '6'),
('371', '6'),
('372', '6'),
('395', '6'),
('396', '6'),
('397', '6'),
('398', '6'),
('399', '6'),
('400', '6'),
('401', '6'),
('402', '6'),
('403', '6'),
('404', '6'),
('405', '6'),
('406', '6'),
('407', '6'),
('408', '6'),
('409', '6'),
('410', '6'),
('411', '6'),
('412', '6'),
('413', '6'),
('417', '1'),
('418', '1'),
('419', '1'),
('420', '1'),
('421', '1'),
('422', '1'),
('423', '1'),
('424', '1'),
('425', '1'),
('427', '7'),
('428', '7'),
('429', '5'),
('430', '5'),
('431', '5'),
('432', '5'),
('433', '5'),
('434', '5'),
('435', '4'),
('436', '4'),
('437', '4'),
('438', '5'),
('439', '8'),
('440', '8'),
('441', '8'),
('442', '8'),
('443', '8'),
('444', '8'),
('15', '2'),
('19', '2'),
('20', '2'),
('27', '2'),
('21', '2'),
('22', '2'),
('348', '3'),
('359', '2'),
('16', '2'),
('17', '2'),
('18', '2'),
('67', '5'),
('71', '8'),
('72', '8'),
('73', '8'),
('445', '2'),
('446', '2'),
('360', '2'),
('358', '6'),
('362', '8'),
('125', '3'),
('123', '3'),
('124', '3'),
('119', '3'),
('91', '2'),
('90', '8'),
('238', '5'),
('453', '1'),
('454', '1'),
('331', '1'),
('212', '6'),
('213', '6'),
('450', '2'),
('451', '2'),
('452', '2'),
('447', '8'),
('118', '3'),
('120', '3'),
('121', '3'),
('122', '3'),
('271', '2'),
('317', '8'),
('318', '8'),
('319', '8'),
('320', '8'),
('328', '3'),
('329', '3'),
('361', '6'),
('291', '2'),
('321', '8'),
('74', '5'),
('75', '5'),
('275', '5'),
('276', '5'),
('448', '8'),
('240', '2'),
('241', '2'),
('95', '8'),
('286', '1'),
('287', '1'),
('426', '7'),
('333', '8'),
('299', '5'),
('288', '8'),
('79', '3'),
('96', '8'),
('292', '3'),
('82', '5'),
('300', '8'),
('301', '2'),
('305', '8'),
('414', '8'),
('415', '8'),
('416', '8'),
('327', '7');

CREATE TABLE `album_scenariste` (
   `album_id` int(5) default '0',
   `scenariste_id` int(5) default '0'
) ENGINE=MyISAM DEFAULT CHARSET=latin1;

INSERT INTO `album_scenariste` (`album_id`, `scenariste_id`) VALUES 
('449', '1'),
('452', '1'),
('451', '1'),
('450', '1'),
('453', '2'),
('454', '2'),
('7', '2'),
('8', '2'),
('9', '2'),
('10', '2'),
('11', '3'),
('12', '3'),
('13', '3'),
('14', '3'),
('15', '4'),
('16', '5'),
('17', '5'),
('18', '5'),
('19', '2'),
('20', '2'),
('21', '2'),
('22', '2'),
('23', '6'),
('24', '6'),
('25', '6'),
('26', '7'),
('27', '7'),
('28', '8'),
('29', '8'),
('30', '8'),
('31', '8'),
('32', '8'),
('33', '9'),
('34', '9'),
('35', '9'),
('36', '10'),
('37', '10'),
('38', '10'),
('39', '10'),
('40', '10'),
('41', '11'),
('42', '11'),
('43', '12'),
('44', '12'),
('45', '12'),
('46', '12'),
('47', '13'),
('48', '13'),
('49', '13'),
('50', '12'),
('51', '12'),
('52', '14'),
('53', '14'),
('54', '14'),
('55', '14'),
('56', '15'),
('57', '15'),
('58', '15'),
('59', '15'),
('60', '15'),
('61', '15'),
('62', '8'),
('63', '8'),
('64', '8'),
('65', '8'),
('66', '16'),
('67', '17'),
('68', '18'),
('69', '18'),
('70', '19'),
('71', '20'),
('72', '20'),
('73', '20'),
('74', '21'),
('75', '21'),
('76', '17'),
('77', '17'),
('78', '17'),
('79', '22'),
('80', '15'),
('81', '15'),
('82', '3'),
('83', '23'),
('84', '24'),
('85', '25'),
('86', '25'),
('87', '25'),
('88', '25'),
('89', '25'),
('90', '26'),
('91', '27'),
('92', '28'),
('93', '29'),
('94', '30'),
('95', '31'),
('96', '32'),
('97', '33'),
('98', '33'),
('99', '34'),
('100', '34'),
('101', '35'),
('102', '35'),
('103', '35'),
('447', '35'),
('105', '35'),
('106', '35'),
('107', '36'),
('108', '36'),
('109', '36'),
('110', '37'),
('111', '38'),
('112', '38'),
('113', '39'),
('114', '39'),
('115', '39'),
('116', '39'),
('117', '39'),
('118', '40'),
('119', '40'),
('120', '40'),
('121', '40'),
('122', '40'),
('123', '40'),
('124', '40'),
('125', '40'),
('126', '36'),
('127', '36'),
('128', '36'),
('129', '36'),
('130', '36'),
('131', '36'),
('132', '36'),
('133', '36'),
('134', '36'),
('135', '36'),
('136', '36'),
('137', '36'),
('138', '36'),
('139', '36'),
('140', '36'),
('141', '36'),
('448', '41'),
('143', '41'),
('144', '41'),
('145', '41'),
('146', '41'),
('147', '42'),
('148', '42'),
('149', '42'),
('150', '43'),
('151', '14'),
('152', '14'),
('153', '14'),
('154', '14'),
('155', '14'),
('156', '14'),
('157', '14'),
('158', '14'),
('159', '14'),
('160', '14'),
('161', '14'),
('162', '44'),
('163', '44'),
('164', '44'),
('165', '44'),
('166', '44'),
('167', '44'),
('168', '44'),
('169', '44'),
('170', '44'),
('171', '44'),
('172', '44'),
('173', '44'),
('174', '44'),
('175', '44'),
('176', '44'),
('177', '44'),
('178', '44'),
('179', '44'),
('180', '44'),
('181', '44'),
('182', '44'),
('183', '44'),
('184', '44'),
('185', '44'),
('186', '44'),
('187', '44'),
('188', '44'),
('189', '44'),
('190', '44'),
('191', '44'),
('192', '44'),
('193', '44'),
('194', '44'),
('195', '44'),
('196', '44'),
('197', '44'),
('198', '44'),
('199', '44'),
('200', '44'),
('201', '44'),
('202', '44'),
('203', '44'),
('204', '44'),
('205', '44'),
('206', '44'),
('207', '44'),
('208', '44'),
('209', '44'),
('210', '44'),
('211', '44'),
('212', '44'),
('213', '44'),
('214', '45'),
('215', '45'),
('216', '45'),
('217', '45'),
('218', '45'),
('219', '44'),
('252', '44'),
('221', '46'),
('224', '10'),
('223', '12'),
('225', '15'),
('226', '13'),
('227', '13'),
('228', '47'),
('229', '47'),
('230', '47'),
('231', '48'),
('232', '48'),
('233', '48'),
('234', '48'),
('235', '29'),
('236', '29'),
('237', '49'),
('238', '15'),
('239', '50'),
('240', '1'),
('241', '1'),
('242', '51'),
('243', '51'),
('244', '51'),
('245', '42'),
('246', '44'),
('247', '36'),
('248', '36'),
('249', '36'),
('250', '36'),
('251', '14'),
('253', '44'),
('254', '10'),
('255', '10'),
('256', '52'),
('257', '48'),
('258', '48'),
('259', '48'),
('260', '48'),
('261', '53'),
('262', '53'),
('263', '53'),
('264', '53'),
('265', '53'),
('266', '12'),
('267', '13'),
('268', '13'),
('270', '4'),
('271', '4'),
('272', '4'),
('273', '4'),
('274', '29'),
('275', '21'),
('276', '21'),
('277', '44'),
('278', '44'),
('279', '54'),
('280', '55'),
('281', '56'),
('282', '56'),
('283', '56'),
('284', '31'),
('285', '31'),
('286', '57'),
('287', '57'),
('288', '58'),
('289', '59'),
('290', '59'),
('291', '4'),
('292', '4'),
('293', '10'),
('294', '10'),
('295', '10'),
('296', '60'),
('297', '60'),
('298', '60'),
('299', '61'),
('300', '62'),
('301', '63'),
('302', '14'),
('303', '14'),
('304', '64'),
('305', '66'),
('306', '67'),
('307', '33'),
('308', '35'),
('309', '55'),
('310', '64'),
('311', '68'),
('312', '52'),
('313', '69'),
('314', '70'),
('315', '70'),
('316', '70'),
('317', '71'),
('318', '71'),
('319', '71'),
('320', '71'),
('321', '71'),
('322', '72'),
('323', '73'),
('324', '73'),
('325', '74'),
('326', '74'),
('327', '75'),
('328', '76'),
('329', '76'),
('330', '77'),
('331', '78'),
('332', '79'),
('333', '80'),
('334', '81'),
('335', '17'),
('336', '17'),
('337', '17'),
('338', '17'),
('339', '17'),
('340', '17'),
('341', '81'),
('342', '81'),
('343', '81'),
('344', '81'),
('345', '52'),
('346', '64'),
('347', '82'),
('348', '83'),
('349', '84'),
('350', '84'),
('351', '84'),
('352', '84'),
('353', '42'),
('354', '42'),
('355', '42'),
('356', '85'),
('357', '86'),
('358', '86'),
('359', '87'),
('360', '73'),
('361', '88'),
('362', '47'),
('363', '3'),
('364', '3'),
('365', '90'),
('366', '90'),
('367', '90'),
('368', '81'),
('369', '81'),
('370', '81'),
('371', '81'),
('372', '81'),
('373', '15'),
('374', '15'),
('375', '15'),
('376', '91'),
('377', '91'),
('378', '91'),
('379', '91'),
('380', '91'),
('381', '91'),
('382', '92'),
('383', '92'),
('384', '92'),
('385', '92'),
('386', '15'),
('387', '15'),
('388', '15'),
('389', '93'),
('390', '94'),
('391', '94'),
('392', '95'),
('393', '96'),
('394', '96'),
('395', '81'),
('396', '81'),
('397', '81'),
('398', '81'),
('399', '81'),
('400', '81'),
('401', '31'),
('402', '31'),
('403', '31'),
('404', '31'),
('405', '31'),
('406', '31'),
('407', '31'),
('408', '31'),
('409', '31'),
('410', '31'),
('411', '31'),
('412', '31'),
('413', '31'),
('414', '1'),
('415', '1'),
('416', '1'),
('417', '48'),
('418', '48'),
('419', '48'),
('420', '48'),
('421', '48'),
('422', '9'),
('423', '9'),
('424', '9'),
('425', '9'),
('426', '85'),
('427', '97'),
('428', '97'),
('429', '98'),
('430', '98'),
('431', '98'),
('432', '98'),
('433', '98'),
('434', '98'),
('435', '99'),
('436', '99'),
('437', '99'),
('438', '101'),
('439', '102'),
('440', '102'),
('441', '102'),
('442', '102'),
('443', '102'),
('444', '102'),
('445', '73'),
('446', '73');

CREATE TABLE `dessinateur` (
   `dessinateur_id` int(5) not null auto_increment,
   `nom` text not null,
   UNIQUE KEY (`dessinateur_id`)
) ENGINE=MyISAM DEFAULT CHARSET=latin1 AUTO_INCREMENT=122;

INSERT INTO `dessinateur` (`dessinateur_id`, `nom`) VALUES 
('1', 'Marini'),
('2', 'Trichet'),
('3', 'D Fali'),
('4', 'Alice'),
('5', 'Tarquin'),
('6', 'Aouamri'),
('7', 'Danard'),
('8', 'Cassini'),
('9', 'Nhieu'),
('10', 'Janolle'),
('11', 'Cagniat'),
('12', 'Quet'),
('13', 'Bajram'),
('14', 'Buchet'),
('15', 'Damien'),
('16', 'Pignault'),
('17', 'Parel'),
('18', 'Griffo'),
('19', 'Guerineau'),
('20', 'Varanda'),
('21', 'Guarnido'),
('22', 'Janjetov'),
('23', 'Crespin'),
('24', 'Marion'),
('25', 'Dethan'),
('26', 'Bilal'),
('27', 'Gimenez'),
('28', 'PtiLuc'),
('29', 'Cecil'),
('30', 'Bec'),
('31', 'Peyo'),
('32', 'Le Honzec'),
('33', 'Kraehn'),
('34', 'Hulet'),
('35', 'Luguy'),
('36', 'Cheret'),
('37', 'Giraud'),
('38', 'Blanc-Dumont'),
('39', 'Brahy'),
('40', 'Garreta'),
('41', 'Jacobs'),
('42', 'Graton'),
('43', 'Hergé'),
('44', 'Moris'),
('45', 'Roba'),
('46', 'Franquin'),
('47', 'Tome'),
('48', 'Lambil'),
('49', 'Salvérius'),
('50', 'Uderzo'),
('51', 'Turk'),
('52', 'Swolfs'),
('53', 'Vance'),
('54', 'Rosinski'),
('55', 'Francq'),
('56', 'Vallès'),
('57', 'Gotlib'),
('58', 'Miller'),
('59', 'Kovacevic'),
('60', 'Juillard'),
('61', 'Pedrosa'),
('62', 'Cassaday'),
('63', 'Moreno'),
('64', 'Achdé'),
('65', 'Craenhals'),
('66', 'Hermann'),
('67', 'Lax'),
('68', 'Simon'),
('69', 'Lebeault'),
('70', 'Pratt'),
('71', 'Greg'),
('72', 'Tillier'),
('73', 'Benn'),
('74', 'Clavaud'),
('75', 'Mourier'),
('76', 'Gess'),
('77', 'Masbou'),
('78', 'Kubert'),
('79', 'Micheluzzi'),
('80', 'Vern'),
('81', 'Watterson'),
('82', 'Manini'),
('83', 'Alessandrini'),
('84', 'Dany'),
('85', 'Renard'),
('86', 'Chabouté'),
('87', 'Prugne'),
('88', 'Terpant'),
('89', 'De Metter'),
('90', 'Sorel'),
('91', 'Larcenet'),
('92', 'Frank (Pé)'),
('93', 'Dormal Alexis'),
('94', 'Berlion'),
('95', 'Delitte'),
('96', 'Roussel'),
('97', 'Karl T'),
('98', 'Moebius'),
('99', 'Munoz'),
('100', 'Binet'),
('101', 'Smith'),
('102', 'Vrancken'),
('103', 'Loisel'),
('104', 'Bordes'),
('105', 'Wendling'),
('106', 'Andreae'),
('107', 'Chaillet'),
('108', 'Carin'),
('109', 'Breccia'),
('110', 'Jean'),
('111', 'Jacamon'),
('112', 'Chevillard'),
('113', 'Peeters'),
('114', 'Franz'),
('115', 'Bourgeon'),
('116', 'Dethorey'),
('117', 'Malès'),
('118', 'Le Saëc'),
('119', 'Servain'),
('120', 'Cosey'),
('121', 'Rossi');

CREATE TABLE `genre` (
   `id` int(5) not null auto_increment,
   `genre` text not null,
   PRIMARY KEY (`id`)
) ENGINE=MyISAM DEFAULT CHARSET=latin1 AUTO_INCREMENT=9;

INSERT INTO `genre` (`id`, `genre`) VALUES 
('1', 'Polar'),
('2', 'Fantastic'),
('3', 'Humour'),
('4', 'Western'),
('5', 'Science Fiction'),
('6', 'Histoire'),
('7', 'Contemporain'),
('8', 'Aventure');

CREATE TABLE `maison_edition` (
   `maison_id` int(5) not null auto_increment,
   `maison` text not null,
   `collection` text,
   UNIQUE KEY (`maison_id`)
) ENGINE=MyISAM DEFAULT CHARSET=latin1 AUTO_INCREMENT=60;

INSERT INTO `maison_edition` (`maison_id`, `maison`, `collection`) VALUES 
('1', 'Dargaud', ''),
('2', 'Soleil', ''),
('3', 'Glénat', 'Grafica'),
('4', 'Soleil', 'Levant'),
('5', 'Delcourt', 'Terres de légendes'),
('6', 'Delcourt', 'Néopolis'),
('7', 'Delcourt', 'Sang Froid'),
('8', 'Lombard', 'Troisième vague'),
('9', 'Delcourt', ''),
('10', 'Vents d Ouest', ''),
('11', 'Les humanoïdes Associés', ''),
('12', 'Le téméraire', 'grand format'),
('13', 'Pointe noire', ''),
('14', 'Dupuis', ''),
('16', 'Reynald Secher', 'mémoire du futur'),
('17', 'Glénat', ''),
('18', 'Soleil', 'Junior'),
('19', 'Novedi', ''),
('20', 'Vents d Ouest', 'Grand large'),
('21', 'Dargaud', 'Diffusion'),
('22', 'Black et Mortimer', ''),
('23', 'Lombard', ''),
('24', 'Graton', ''),
('25', 'Casterman', ''),
('26', 'France Loisirs', ''),
('29', 'Albert René', ''),
('28', 'Dupuis', 'Pirate'),
('30', 'Les Humanoïdes Associés', 'Alpen Publishers'),
('31', 'Dupuis', 'repérages'),
('32', 'Lombard', 'signé'),
('33', 'Rackham', ''),
('34', 'Glénat', 'vécu'),
('35', 'Delcourt', 'conquistador'),
('36', 'Air Libre', ''),
('37', 'Delcourt', 'Intégrale'),
('38', 'Shell', ''),
('39', 'Lucien Souny', ''),
('40', 'Soleil', 'Solo'),
('41', 'Delcourt', '20 ans'),
('42', 'Panini Comics', 'Best of Marvel'),
('43', 'Dargaud', 'portraits souvenirs'),
('44', 'Hors collection', ''),
('45', 'Albin Michel', ''),
('46', 'Les Humanoïdes Associés', 'Métal'),
('47', 'Casterman', 'Rivage noir'),
('48', 'poisson pilote', ''),
('49', 'Glénat', 'Les intégrales'),
('50', 'Casterman', 'Ligne Rouge'),
('51', 'Vents d Ouest', 'Les intégrales'),
('52', 'Les humanoïdes associés', 'eldorado'),
('53', 'Vents d Ouest', 'Goût amer'),
('55', 'Delcourt', 'Contre Bande'),
('56', 'Lavauzelle', ''),
('57', 'Delcourt', 'Shampooing'),
('58', 'Gallimard', 'Bayou'),
('59', 'Glénat', 'Caractère');

CREATE TABLE `scenariste` (
   `scenariste_id` int(5) not null auto_increment,
   `nom` text not null,
   UNIQUE KEY (`scenariste_id`)
) ENGINE=MyISAM DEFAULT CHARSET=latin1 AUTO_INCREMENT=103;

INSERT INTO `scenariste` (`scenariste_id`, `nom`) VALUES 
('1', 'Dufaux'),
('2', 'Gaudin'),
('3', 'Dorison'),
('4', 'Arleston'),
('5', 'Tarvel'),
('6', 'Rocca'),
('7', 'Nhieu'),
('8', 'Ange'),
('9', 'Brunschwig'),
('10', 'Duval'),
('11', 'Cailleteau'),
('12', 'Morvan'),
('13', 'Pécau'),
('14', 'Swolfs'),
('15', 'Corbeyran'),
('16', 'Diaz Canales'),
('17', 'Jodorowsky'),
('18', 'Mosdi'),
('19', 'Marion'),
('20', 'Dethan'),
('21', 'Bilal'),
('22', 'PtiLuc'),
('23', 'Peyo'),
('24', 'Le Honzec'),
('25', 'Kraehn'),
('26', 'Duchâteau'),
('27', 'Léturgie'),
('28', 'Lécureux'),
('29', 'Charlier'),
('30', 'Corteggiani'),
('31', 'Giroud'),
('32', 'Vidal'),
('33', 'Jacobs'),
('34', 'Graton'),
('35', 'Hergé'),
('36', 'Goscinny'),
('37', 'Roba'),
('38', 'Franquin'),
('39', 'Janry'),
('40', 'Cauvin'),
('41', 'Uderzo'),
('42', 'Desberg'),
('43', 'de Groot'),
('44', 'Van Hamme'),
('45', 'Gotlib'),
('46', 'Miller'),
('47', 'Martin'),
('48', 'Chauvel'),
('49', 'Nury'),
('50', 'Achdé'),
('51', 'Craenhals'),
('52', 'Lax'),
('53', 'Lebeault'),
('54', 'Pratt'),
('55', 'Greg'),
('56', 'Téhy'),
('57', 'Benn'),
('58', 'Duret'),
('59', 'Sente'),
('60', 'Ayroles'),
('61', 'Jenkins'),
('62', 'Micheluzzi'),
('63', 'Christin'),
('64', 'Watterson'),
('94', 'Dragon'),
('66', 'Manini'),
('67', 'Moliterni'),
('68', 'Fromental'),
('69', 'Chabouté'),
('70', 'Oger'),
('71', 'Bonifay'),
('72', 'Lehane'),
('73', 'Gallié'),
('74', 'Ferri'),
('75', 'Bonifay Philippe'),
('76', 'Roques Dominique'),
('77', 'Berlion'),
('78', 'Richelle'),
('79', 'Seiter'),
('80', 'Marie'),
('81', 'Hermann'),
('82', 'Sampayo'),
('83', 'Binet'),
('84', 'Smith'),
('85', 'Le Tendre'),
('86', 'Durand'),
('87', 'Gibelin'),
('88', 'Chaillet'),
('93', 'Pedrosa'),
('90', 'Gabella'),
('91', 'Matz'),
('92', 'Chomet'),
('95', 'Vernal'),
('96', 'Bourgeon'),
('97', 'Cosey'),
('98', 'Bajram'),
('99', 'Dorison & Nury'),
('100', 'Yves'),
('101', 'Yves H.'),
('102', 'Smolderen');

CREATE TABLE `serie` (
   `serie_id` int(5) not null auto_increment,
   `nom` text not null,
   UNIQUE KEY (`serie_id`)
) ENGINE=MyISAM DEFAULT CHARSET=latin1 AUTO_INCREMENT=130;

INSERT INTO `serie` (`serie_id`, `nom`) VALUES 
('1', 'Rapaces'),
('2', 'Les arcanes du midi-minuit'),
('3', 'Garous'),
('4', 'Le troisième testament'),
('5', 'Lanfeust des étoiles'),
('6', 'Mortepierre'),
('7', 'Marlysa'),
('8', 'Bouffe-Doublon'),
('10', 'Nocturnes Rouges'),
('11', 'Nemesis'),
('12', 'Vauriens'),
('13', 'Travis'),
('14', 'Cryozone'),
('15', 'Sillage'),
('16', 'Arcane majeur'),
('18', 'Arcanes'),
('19', '7 secondes'),
('20', 'Vlad'),
('21', 'Le chant des Stryges'),
('22', 'Bloodline'),
('23', 'Blacksad'),
('24', 'Les Technopères'),
('25', 'Amnésia'),
('26', 'Chaëlle'),
('27', 'Mémoire de Sable'),
('28', 'Nike, Amir, Leyla'),
('29', 'La caste des méta-barons'),
('30', 'Pacush Blues'),
('31', 'Le réseau Bombyce'),
('32', 'Sanctuaire'),
('33', 'Benoit Brisefer'),
('34', 'ONE SHOT'),
('35', 'Gil St-André'),
('36', 'Pharaon'),
('37', 'Percevan'),
('38', 'Le petit Rahan'),
('39', 'Blueberry'),
('40', 'La jeunnesse de Blueberry'),
('41', 'Zoltan'),
('42', 'Fox One'),
('43', 'Les aventures de Blake et Mortimer'),
('44', 'Michel Vaillant'),
('45', 'Tintin'),
('46', 'Lucky Luke'),
('47', 'Lucky Luke-Far West'),
('48', 'Boule et Bill'),
('49', 'Gaston'),
('50', 'Le petit Spirou'),
('51', 'Spirou et Fantasio'),
('52', 'Les Tuniques Bleues'),
('53', 'Astérix'),
('54', 'Le Scorpion'),
('55', 'Léonard'),
('56', 'Durango'),
('57', 'XIII'),
('58', 'Thorgal'),
('59', 'Largo Winch'),
('60', 'Les maîtres de l orge'),
('61', 'Rubrique-à-brac'),
('62', 'Sin City'),
('63', 'Arno'),
('64', 'Ring Circus'),
('65', 'Je suis légion'),
('66', 'Le régulateur'),
('68', 'Monsieur Noir'),
('69', 'Chevalier Ardent'),
('70', 'Le Choucas'),
('71', 'Rails'),
('72', 'Horologiom'),
('73', 'Corto'),
('74', 'Achille Talon'),
('75', 'Fée et tendres Automates'),
('76', 'Les oubliés d Annam'),
('77', 'Elmer et moi'),
('78', 'La vengeance du compte Skarbek'),
('79', 'Lanfeust de Troy'),
('80', 'Trolls de Troy'),
('81', 'Carmen mc Callum'),
('82', 'De Cape et de Crocs'),
('83', 'Calvin et Hobbes'),
('85', 'Indiana Jones'),
('86', 'Bernard Prince'),
('87', 'Ivan Casablanca'),
('88', 'Auberge du bout du monde '),
('89', 'Pirates'),
('90', 'Algernon Woodcock'),
('91', 'Le retour à la terre'),
('92', 'ZOO'),
('93', 'Pico Bogue'),
('94', 'Histoire d en ville'),
('95', 'Les coullisses du pouvoir'),
('96', 'H.M.S. - His Majesty s Ship'),
('97', 'La cuisine du diable'),
('98', 'L Incal'),
('99', 'Jeremiah'),
('100', 'Alack Sinner'),
('101', 'Les bidochon'),
('118', 'RG'),
('103', 'Bone'),
('104', 'I.R.$.'),
('105', 'La quête de l\'oiseau du temps'),
('106', 'Le nain rouge'),
('107', 'Les lumières de l Amalou'),
('108', 'Le grand pouvoir du Chninkel'),
('109', 'MangeCoeur'),
('110', 'Vasco'),
('111', 'Lefranc'),
('112', 'Les sentinelles'),
('113', 'La Licorne'),
('114', 'Tours de Bois-Maury'),
('115', 'Sales mioches'),
('116', 'Le Tueur'),
('117', 'Le pont dans la vase'),
('119', 'Jugurtha'),
('120', 'Les passagers du vent'),
('121', 'Louis la Guigne'),
('122', 'Les Révoltés'),
('123', 'Les Enragés'),
('124', 'L esprit de Warren'),
('125', 'Le voyage en Italie'),
('126', 'Universal War 1'),
('127', 'W.E.S.T'),
('128', 'Gipsy'),
('129', 'La confrérie du crabe');